-- MariaDB dump 10.19  Distrib 10.5.15-MariaDB, for debian-linux-gnueabihf (armv8l)
--
-- Host: eu-cdbr-west-02.cleardb.net    Database: heroku_19d62b397341425
-- ------------------------------------------------------
-- Server version	5.6.50-log

/*!40101 SET @OLD_CHARACTER_SET_CLIENT=@@CHARACTER_SET_CLIENT */;
/*!40101 SET @OLD_CHARACTER_SET_RESULTS=@@CHARACTER_SET_RESULTS */;
/*!40101 SET @OLD_COLLATION_CONNECTION=@@COLLATION_CONNECTION */;
/*!40101 SET NAMES utf8mb4 */;
/*!40103 SET @OLD_TIME_ZONE=@@TIME_ZONE */;
/*!40103 SET TIME_ZONE='+00:00' */;
/*!40014 SET @OLD_UNIQUE_CHECKS=@@UNIQUE_CHECKS, UNIQUE_CHECKS=0 */;
/*!40014 SET @OLD_FOREIGN_KEY_CHECKS=@@FOREIGN_KEY_CHECKS, FOREIGN_KEY_CHECKS=0 */;
/*!40101 SET @OLD_SQL_MODE=@@SQL_MODE, SQL_MODE='NO_AUTO_VALUE_ON_ZERO' */;
/*!40111 SET @OLD_SQL_NOTES=@@SQL_NOTES, SQL_NOTES=0 */;

--
-- Table structure for table `group_user_relationships`
--

DROP TABLE IF EXISTS `group_user_relationships`;
/*!40101 SET @saved_cs_client     = @@character_set_client */;
/*!40101 SET character_set_client = utf8 */;
CREATE TABLE `group_user_relationships` (
  `group_id` int(11) NOT NULL,
  `user_id` int(11) NOT NULL,
  `type` enum('member','banned','admin','member_request','member_request_rejected','invited') DEFAULT NULL,
  `created_at` datetime NOT NULL DEFAULT CURRENT_TIMESTAMP,
  `updated_at` datetime NOT NULL DEFAULT CURRENT_TIMESTAMP,
  `notification_frequency` enum('low','frequent','off') NOT NULL,
  PRIMARY KEY (`group_id`,`user_id`),
  KEY `idx_group_user_relationships` (`group_id`),
  KEY `idx_group_user_relationships_0` (`user_id`),
  CONSTRAINT `fk_group_user_relationships` FOREIGN KEY (`group_id`) REFERENCES `groups` (`group_id`) ON DELETE NO ACTION ON UPDATE NO ACTION,
  CONSTRAINT `fk_group_user_relationships_0` FOREIGN KEY (`user_id`) REFERENCES `users` (`user_id`) ON DELETE NO ACTION ON UPDATE NO ACTION
) ENGINE=InnoDB DEFAULT CHARSET=utf8;
/*!40101 SET character_set_client = @saved_cs_client */;

--
-- Dumping data for table `group_user_relationships`
--

LOCK TABLES `group_user_relationships` WRITE;
/*!40000 ALTER TABLE `group_user_relationships` DISABLE KEYS */;
INSERT INTO `group_user_relationships` VALUES (1,42,'admin','2022-04-30 10:18:01','2022-05-01 15:34:03','frequent'),(1,45,'admin','2022-04-30 10:17:25','2022-05-01 15:34:03','frequent'),(1,81,'admin','2022-05-25 07:47:18','2022-05-25 07:47:18','frequent'),(1,321,NULL,'2022-05-25 07:26:09','2022-05-25 07:26:09','low'),(1,331,'invited','2022-05-25 07:48:11','2022-05-25 07:48:11','low'),(1,351,'member','2022-05-27 12:22:00','2022-05-27 12:22:00','low'),(1,361,'invited','2022-05-27 12:27:29','2022-05-27 12:27:29','low'),(1,371,'member','2022-05-27 12:47:10','2022-05-27 12:47:10','low');
/*!40000 ALTER TABLE `group_user_relationships` ENABLE KEYS */;
UNLOCK TABLES;

--
-- Table structure for table `groups`
--

DROP TABLE IF EXISTS `groups`;
/*!40101 SET @saved_cs_client     = @@character_set_client */;
/*!40101 SET character_set_client = utf8 */;
CREATE TABLE `groups` (
  `group_id` int(11) NOT NULL AUTO_INCREMENT,
  `created_by_user_id` int(11) NOT NULL,
  `created_at` datetime NOT NULL DEFAULT CURRENT_TIMESTAMP,
  `updated_at` datetime NOT NULL DEFAULT CURRENT_TIMESTAMP,
  `name` varchar(255) NOT NULL,
  `visibility` enum('visible','hidden') NOT NULL,
  `description` text,
  PRIMARY KEY (`group_id`),
  UNIQUE KEY `unq_groups` (`name`),
  KEY `idx_groups` (`group_id`),
  KEY `fk_groups_users` (`created_by_user_id`),
  CONSTRAINT `fk_groups_users` FOREIGN KEY (`created_by_user_id`) REFERENCES `users` (`user_id`) ON DELETE NO ACTION ON UPDATE NO ACTION
) ENGINE=InnoDB AUTO_INCREMENT=62 DEFAULT CHARSET=utf8;
/*!40101 SET character_set_client = @saved_cs_client */;

--
-- Dumping data for table `groups`
--

LOCK TABLES `groups` WRITE;
/*!40000 ALTER TABLE `groups` DISABLE KEYS */;
INSERT INTO `groups` VALUES (1,45,'2022-04-23 10:56:33','2022-04-23 10:56:33','Test channel','visible','some random detail1'),(61,45,'2022-05-04 12:21:56','2022-05-08 18:32:01','gta gang2','visible','grove street families');
/*!40000 ALTER TABLE `groups` ENABLE KEYS */;
UNLOCK TABLES;

--
-- Table structure for table `medias`
--

DROP TABLE IF EXISTS `medias`;
/*!40101 SET @saved_cs_client     = @@character_set_client */;
/*!40101 SET character_set_client = utf8 */;
CREATE TABLE `medias` (
  `media_id` int(11) NOT NULL AUTO_INCREMENT,
  `url` varchar(255) NOT NULL,
  `created_at` datetime NOT NULL DEFAULT CURRENT_TIMESTAMP,
  `updated_at` datetime NOT NULL DEFAULT CURRENT_TIMESTAMP,
  `user_id` int(11) NOT NULL,
  `caption` varchar(255) DEFAULT NULL,
  PRIMARY KEY (`media_id`),
  KEY `idx_medias` (`user_id`),
  CONSTRAINT `fk_medias_medias` FOREIGN KEY (`user_id`) REFERENCES `users` (`user_id`) ON DELETE NO ACTION ON UPDATE NO ACTION
) ENGINE=InnoDB AUTO_INCREMENT=82 DEFAULT CHARSET=utf8;
/*!40101 SET character_set_client = @saved_cs_client */;

--
-- Dumping data for table `medias`
--

LOCK TABLES `medias` WRITE;
/*!40000 ALTER TABLE `medias` DISABLE KEYS */;
INSERT INTO `medias` VALUES (1,'https://cdn.pixabay.com/photo/2015/04/23/22/00/tree-736885__480.jpg','2022-04-30 09:00:35','2022-04-30 10:27:40',45,NULL),(11,'https://images.unsplash.com/photo-1453728013993-6d66e9c9123a?ixlib=rb-1.2.1&ixid=MnwxMjA3fDB8MHxzZWFyY2h8Mnx8dmlld3xlbnwwfHwwfHw%3D&w=1000&q=80','2022-05-04 16:10:42','2022-05-04 16:10:42',45,'Example image'),(21,'https://images.unsplash.com/photo-1453728013993-6d66e9c9123a?ixlib=rb-1.2.1&ixid=MnwxMjA3fDB8MHxzZWFyY2h8Mnx8dmlld3xlbnwwfHwwfHw%3D&w=1000&q=80','2022-05-04 16:13:16','2022-05-04 16:13:16',45,'Example image'),(31,'https://images.unsplash.com/photo-1453728013993-6d66e9c9123a?ixlib=rb-1.2.1&ixid=MnwxMjA3fDB8MHxzZWFyY2h8Mnx8dmlld3xlbnwwfHwwfHw%3D&w=1000&q=80','2022-05-04 16:15:39','2022-05-04 16:15:39',45,'Example image'),(41,'https://images.unsplash.com/photo-1453728013993-6d66e9c9123a?ixlib=rb-1.2.1&ixid=MnwxMjA3fDB8MHxzZWFyY2h8Mnx8dmlld3xlbnwwfHwwfHw%3D&w=1000&q=80','2022-05-04 16:15:55','2022-05-04 16:15:55',45,'Example image'),(51,'https://images.unsplash.com/photo-1453728013993-6d66e9c9123a?ixlib=rb-1.2.1&ixid=MnwxMjA3fDB8MHxzZWFyY2h8Mnx8dmlld3xlbnwwfHwwfHw%3D&w=1000&q=80','2022-05-04 16:15:56','2022-05-04 16:15:56',45,'Example image'),(71,'https://images.unsplash.com/photo-1453728013993-6d66e9c9123a?ixlib=rb-1.2.1&ixid=MnwxMjA3fDB8MHxzZWFyY2h8Mnx8dmlld3xlbnwwfHwwfHw%3D&w=1000&q=80','2022-05-08 18:18:24','2022-05-08 18:18:24',81,'Example image'),(81,'https://images.unsplash.com/photo-1453728013993-6d66e9c9123a?ixlib=rb-1.2.1&ixid=MnwxMjA3fDB8MHxzZWFyY2h8Mnx8dmlld3xlbnwwfHwwfHw%3D&w=1000&q=80','2022-05-08 18:31:16','2022-05-08 18:31:16',81,'Example image');
/*!40000 ALTER TABLE `medias` ENABLE KEYS */;
UNLOCK TABLES;

--
-- Table structure for table `mentioned_users`
--

DROP TABLE IF EXISTS `mentioned_users`;
/*!40101 SET @saved_cs_client     = @@character_set_client */;
/*!40101 SET character_set_client = utf8 */;
CREATE TABLE `mentioned_users` (
  `user_id` int(11) NOT NULL,
  `message_id` int(11) NOT NULL,
  PRIMARY KEY (`user_id`,`message_id`),
  KEY `idx_mentioned_users` (`user_id`),
  KEY `idx_mentioned_users_0` (`message_id`),
  CONSTRAINT `fk_mentioned_users_messages` FOREIGN KEY (`message_id`) REFERENCES `messages` (`message_id`) ON DELETE NO ACTION ON UPDATE NO ACTION,
  CONSTRAINT `fk_mentioned_users_users` FOREIGN KEY (`user_id`) REFERENCES `users` (`user_id`) ON DELETE NO ACTION ON UPDATE NO ACTION
) ENGINE=InnoDB DEFAULT CHARSET=utf8;
/*!40101 SET character_set_client = @saved_cs_client */;

--
-- Dumping data for table `mentioned_users`
--

LOCK TABLES `mentioned_users` WRITE;
/*!40000 ALTER TABLE `mentioned_users` DISABLE KEYS */;
INSERT INTO `mentioned_users` VALUES (1,51),(1,61),(1,71),(1,81),(1,91),(1,101),(1,111),(1,121),(2,51),(2,61),(2,71),(2,81),(2,91),(2,101),(2,111),(2,121),(40,51),(40,61),(40,71),(40,81),(40,91),(40,101),(40,111),(40,121),(42,1);
/*!40000 ALTER TABLE `mentioned_users` ENABLE KEYS */;
UNLOCK TABLES;

--
-- Table structure for table `message_medias`
--

DROP TABLE IF EXISTS `message_medias`;
/*!40101 SET @saved_cs_client     = @@character_set_client */;
/*!40101 SET character_set_client = utf8 */;
CREATE TABLE `message_medias` (
  `media_id` int(11) NOT NULL,
  `message_id` int(11) NOT NULL,
  PRIMARY KEY (`media_id`,`message_id`),
  KEY `idx_message_medias` (`message_id`),
  KEY `idx_message_medias_0` (`media_id`),
  CONSTRAINT `fk_message_medias_medias` FOREIGN KEY (`media_id`) REFERENCES `medias` (`media_id`) ON DELETE NO ACTION ON UPDATE NO ACTION,
  CONSTRAINT `fk_message_medias_messages` FOREIGN KEY (`message_id`) REFERENCES `messages` (`message_id`) ON DELETE NO ACTION ON UPDATE NO ACTION
) ENGINE=InnoDB DEFAULT CHARSET=utf8;
/*!40101 SET character_set_client = @saved_cs_client */;

--
-- Dumping data for table `message_medias`
--

LOCK TABLES `message_medias` WRITE;
/*!40000 ALTER TABLE `message_medias` DISABLE KEYS */;
INSERT INTO `message_medias` VALUES (1,1),(1,81),(1,91),(1,101),(1,111),(1,121);
/*!40000 ALTER TABLE `message_medias` ENABLE KEYS */;
UNLOCK TABLES;

--
-- Table structure for table `messages`
--

DROP TABLE IF EXISTS `messages`;
/*!40101 SET @saved_cs_client     = @@character_set_client */;
/*!40101 SET character_set_client = utf8 */;
CREATE TABLE `messages` (
  `message_id` int(11) NOT NULL AUTO_INCREMENT,
  `group_id` int(11) NOT NULL,
  `user_id` int(11) NOT NULL,
  `created_at` datetime NOT NULL DEFAULT CURRENT_TIMESTAMP,
  `updated_at` datetime NOT NULL DEFAULT CURRENT_TIMESTAMP,
  `text` text,
  `response_to_message_id` int(11) DEFAULT NULL,
  PRIMARY KEY (`message_id`),
  KEY `idx_messages` (`group_id`),
  KEY `idx_messages_0` (`user_id`),
  KEY `idx_messages_1` (`response_to_message_id`),
  CONSTRAINT `fk_messages_groups` FOREIGN KEY (`group_id`) REFERENCES `groups` (`group_id`) ON DELETE NO ACTION ON UPDATE NO ACTION,
  CONSTRAINT `fk_messages_messages` FOREIGN KEY (`response_to_message_id`) REFERENCES `messages` (`message_id`) ON DELETE NO ACTION ON UPDATE NO ACTION,
  CONSTRAINT `fk_messages_users` FOREIGN KEY (`user_id`) REFERENCES `users` (`user_id`) ON DELETE NO ACTION ON UPDATE NO ACTION
) ENGINE=InnoDB AUTO_INCREMENT=271 DEFAULT CHARSET=utf8;
/*!40101 SET character_set_client = @saved_cs_client */;

--
-- Dumping data for table `messages`
--

LOCK TABLES `messages` WRITE;
/*!40000 ALTER TABLE `messages` DISABLE KEYS */;
INSERT INTO `messages` VALUES (1,1,45,'2022-04-23 11:14:49','2022-04-23 11:14:49','Lorem ipsum dolor sit amet, consectetur adipiscing elit. Proin tincidunt dolor diam, vel accumsan quam convallis eleifend. Fusce rhoncus metus mi, eget consectetur nulla pretium id. Integer non sem ipsum. Praesent vulputate rhoncus sollicitudin. Cras pharetra eros metus. Sed consectetur, odio nec laoreet suscipit, arcu enim tincidunt massa, nec ullamcorper nulla velit ut urna. Donec eu augue ac metus feugiat lacinia.\n\nMorbi suscipit lacus sit amet massa rhoncus molestie. Nam id elementum felis. Nulla ullamcorper bibendum nisl, at feugiat orci. Cras interdum purus quis quam dignissim, eget tempus sapien posuere. Donec vel dui odio. Nam et feugiat metus. Aliquam eros est, posuere vel mattis a, efficitur eu massa. Aenean id interdum ligula, pulvinar consectetur enim. Donec a dolor lacus. Morbi erat ipsum, tincidunt a molestie non, sodales eu purus. Vivamus sit amet facilisis lacus. Integer feugiat mauris nec fringilla venenatis. Vestibulum sollicitudin vehicula auctor. Cras nec accumsan orci. Sed in felis et arcu consequat volutpat.',NULL),(11,1,45,'2022-05-04 13:32:48','2022-05-04 13:32:48','asd',NULL),(21,1,45,'2022-05-04 13:33:27','2022-05-04 13:33:27','asd',NULL),(31,1,45,'2022-05-04 13:35:54','2022-05-04 13:35:54','asd',11),(41,1,45,'2022-05-04 13:37:33','2022-05-04 13:37:33','asd',11),(51,1,45,'2022-05-04 13:38:40','2022-05-04 13:38:40','asd',11),(61,1,45,'2022-05-04 13:40:29','2022-05-04 13:40:29','asd',11),(71,1,45,'2022-05-04 13:40:31','2022-05-04 13:40:31','asd',11),(81,1,45,'2022-05-04 13:41:35','2022-05-04 13:41:35','asd',11),(91,1,45,'2022-05-04 13:42:11','2022-05-04 13:42:11','asd',11),(101,1,45,'2022-05-04 13:43:19','2022-05-04 13:43:19','asd',11),(111,1,45,'2022-05-04 13:44:14','2022-05-04 14:06:28','asd',11),(121,1,81,'2022-05-08 18:33:14','2022-05-08 18:33:14','asd',11),(131,1,45,'2022-08-29 08:14:23','2022-08-29 08:14:23','asd2',31),(141,1,81,'2022-09-04 17:48:57','2022-09-04 17:48:57','test',1),(151,1,81,'2022-09-05 10:13:54','2022-09-05 10:13:54','test3',141),(161,1,81,'2022-09-05 12:56:25','2022-09-05 12:56:25','test4',151),(171,1,81,'2022-09-05 17:41:31','2022-09-05 17:41:31','asdf',131),(181,1,81,'2022-09-05 17:42:00','2022-09-05 17:42:00','123',171),(191,1,81,'2022-09-05 17:47:28','2022-09-05 17:47:28','qwe',181),(201,1,81,'2022-09-06 07:36:40','2022-09-06 07:36:40','te köcsög',191),(211,1,81,'2022-09-06 07:47:08','2022-09-06 07:47:08','ne pofázzál',201),(221,1,81,'2022-09-06 07:49:50','2022-09-06 07:49:50','kussolj',211),(231,1,81,'2022-09-06 07:51:00','2022-09-06 07:51:00','nem',221),(241,1,81,'2022-09-07 05:57:54','2022-09-07 05:57:54','de',231),(251,1,81,'2022-09-07 06:03:54','2022-09-07 06:03:54','asd',241),(261,1,81,'2022-09-07 06:29:18','2022-09-07 06:29:18','hallod te mit pofázol am',221);
/*!40000 ALTER TABLE `messages` ENABLE KEYS */;
UNLOCK TABLES;

--
-- Table structure for table `reactions`
--

DROP TABLE IF EXISTS `reactions`;
/*!40101 SET @saved_cs_client     = @@character_set_client */;
/*!40101 SET character_set_client = utf8 */;
CREATE TABLE `reactions` (
  `message_id` int(11) NOT NULL,
  `user_id` int(11) NOT NULL,
  `created_at` datetime NOT NULL DEFAULT CURRENT_TIMESTAMP,
  `updated_at` datetime NOT NULL DEFAULT CURRENT_TIMESTAMP,
  `type` int(11) DEFAULT NULL,
  PRIMARY KEY (`message_id`,`user_id`),
  KEY `idx_reactions` (`message_id`),
  KEY `idx_reactions_0` (`user_id`),
  CONSTRAINT `fk_reactions_messages` FOREIGN KEY (`message_id`) REFERENCES `messages` (`message_id`) ON DELETE NO ACTION ON UPDATE NO ACTION,
  CONSTRAINT `fk_reactions_users` FOREIGN KEY (`user_id`) REFERENCES `users` (`user_id`) ON DELETE NO ACTION ON UPDATE NO ACTION
) ENGINE=InnoDB DEFAULT CHARSET=utf8;
/*!40101 SET character_set_client = @saved_cs_client */;

--
-- Dumping data for table `reactions`
--

LOCK TABLES `reactions` WRITE;
/*!40000 ALTER TABLE `reactions` DISABLE KEYS */;
INSERT INTO `reactions` VALUES (1,40,'2022-06-06 17:56:04','2022-06-06 17:56:04',128526),(1,42,'2022-04-27 13:16:02','2022-04-27 13:16:02',128526),(1,45,'2022-05-04 15:22:24','2022-05-04 15:32:56',NULL),(1,81,'2022-05-08 17:57:36','2022-09-05 10:25:41',128546),(11,81,'2022-06-29 10:05:24','2022-09-06 07:36:04',NULL),(31,81,'2022-09-05 10:07:37','2022-09-12 10:37:23',10084),(71,81,'2022-08-31 12:50:28','2022-08-31 12:50:30',128546),(111,45,'2022-05-04 14:52:08','2022-05-04 14:52:19',128517),(111,81,'2022-09-07 05:58:37','2022-09-07 05:58:37',128546),(151,81,'2022-09-05 10:28:43','2022-09-05 10:28:43',128544),(161,81,'2022-09-05 12:56:38','2022-09-05 12:56:38',128077),(201,81,'2022-09-06 07:36:59','2022-09-06 07:36:59',128077),(221,81,'2022-09-06 07:49:57','2022-09-06 07:49:57',129315),(241,81,'2022-09-07 05:58:04','2022-09-07 05:58:04',128546),(261,81,'2022-09-07 06:29:36','2022-09-07 06:29:36',128562);
/*!40000 ALTER TABLE `reactions` ENABLE KEYS */;
UNLOCK TABLES;

--
-- Table structure for table `user_user_relationships`
--

DROP TABLE IF EXISTS `user_user_relationships`;
/*!40101 SET @saved_cs_client     = @@character_set_client */;
/*!40101 SET character_set_client = utf8 */;
CREATE TABLE `user_user_relationships` (
  `initiating_user_id` int(11) NOT NULL,
  `target_user_id` int(11) NOT NULL,
  `type` enum('blocked','friend') DEFAULT NULL,
  `created_at` datetime NOT NULL DEFAULT CURRENT_TIMESTAMP,
  `updated_at` datetime NOT NULL DEFAULT CURRENT_TIMESTAMP,
  PRIMARY KEY (`initiating_user_id`,`target_user_id`),
  KEY `idx_user_user_relationships` (`initiating_user_id`),
  KEY `idx_user_user_relationships_0` (`target_user_id`),
  CONSTRAINT `fk_user_user_relationships` FOREIGN KEY (`initiating_user_id`) REFERENCES `users` (`user_id`) ON DELETE NO ACTION ON UPDATE NO ACTION,
  CONSTRAINT `fk_user_user_relationships_0` FOREIGN KEY (`target_user_id`) REFERENCES `users` (`user_id`) ON DELETE NO ACTION ON UPDATE NO ACTION
) ENGINE=InnoDB DEFAULT CHARSET=utf8;
/*!40101 SET character_set_client = @saved_cs_client */;

--
-- Dumping data for table `user_user_relationships`
--

LOCK TABLES `user_user_relationships` WRITE;
/*!40000 ALTER TABLE `user_user_relationships` DISABLE KEYS */;
INSERT INTO `user_user_relationships` VALUES (1,2,'friend','2022-04-19 01:25:28','2022-05-01 15:34:20'),(1,40,'friend','2022-05-01 15:52:50','2022-05-01 15:52:50'),(1,42,'friend','2022-05-01 13:03:52','2022-05-01 15:34:20'),(2,42,'friend','2022-05-01 15:51:15','2022-05-01 15:51:15'),(40,1,NULL,'2022-05-01 15:53:26','2022-05-01 00:00:00'),(42,1,'friend','2022-05-01 13:04:04','2022-05-01 15:34:20'),(42,2,'friend','2022-05-01 13:11:35','2022-05-01 15:34:20'),(42,45,'friend','2022-05-01 16:02:57','2022-05-01 16:02:57'),(45,1,'blocked','2022-05-01 13:14:28','2022-05-01 15:34:20'),(81,1,NULL,'2022-05-05 08:34:33','2022-05-08 18:35:20'),(1241,2,'friend','2022-05-14 18:36:23','2022-05-14 18:36:23'),(1261,2,'friend','2022-05-14 18:36:54','2022-05-14 18:36:54'),(1281,2,'friend','2022-05-14 18:37:09','2022-05-14 18:37:09'),(1291,1281,'friend','2022-05-14 18:47:49','2022-05-14 18:47:49'),(1301,2,'friend','2022-05-14 18:48:02','2022-05-14 18:48:02'),(1311,1301,'friend','2022-05-14 18:48:02','2022-05-14 18:48:02'),(1321,1331,'friend','2022-05-14 18:49:09','2022-05-14 18:49:09'),(1331,1321,'friend','2022-05-14 18:49:09','2022-05-14 18:49:09'),(1341,1351,'friend','2022-05-15 14:40:19','2022-05-15 14:40:19'),(1351,1341,'friend','2022-05-15 14:40:19','2022-05-15 14:40:19'),(1361,1371,'friend','2022-05-15 14:40:40','2022-05-15 14:40:40'),(1371,1361,'friend','2022-05-15 14:40:40','2022-05-15 14:40:40'),(1381,1391,'friend','2022-05-15 14:40:49','2022-05-15 14:40:49'),(1391,1381,'friend','2022-05-15 14:40:49','2022-05-15 14:40:49'),(1401,1411,'friend','2022-05-15 14:41:14','2022-05-15 14:41:14'),(1411,1401,'friend','2022-05-15 14:41:15','2022-05-15 14:41:15'),(1421,1431,'blocked','2022-05-15 14:42:00','2022-05-15 15:14:03'),(1431,1421,'friend','2022-05-15 14:42:00','2022-05-15 14:42:00'),(1441,1451,'friend','2022-05-15 15:15:32','2022-05-15 15:15:32'),(1441,1461,'blocked','2022-05-15 15:15:32','2022-05-15 15:15:32'),(1451,1441,'friend','2022-05-15 15:15:33','2022-05-15 15:15:33'),(1471,1481,'friend','2022-05-15 15:38:10','2022-05-15 15:38:10'),(1471,1491,'blocked','2022-05-15 15:38:11','2022-05-15 15:38:11'),(1481,1471,'friend','2022-05-15 15:38:11','2022-05-15 15:38:11'),(1501,1511,'friend','2022-05-15 16:00:30','2022-05-15 16:00:30'),(1501,1521,'blocked','2022-05-15 16:00:31','2022-05-15 16:00:31'),(1531,1541,'friend','2022-05-15 16:01:22','2022-05-15 16:01:22'),(1531,1551,'blocked','2022-05-15 16:01:24','2022-05-15 16:01:24'),(1551,1561,'friend','2022-05-15 16:01:23','2022-05-15 16:01:23'),(1561,1551,'friend','2022-05-15 16:01:24','2022-05-15 16:01:24'),(1571,1581,'friend','2022-05-15 16:03:17','2022-05-15 16:03:17'),(1571,1591,'blocked','2022-05-15 16:03:20','2022-05-15 16:03:20'),(1591,1601,'friend','2022-05-15 16:03:18','2022-05-15 16:03:18'),(1601,1591,'friend','2022-05-15 16:03:19','2022-05-15 16:03:19'),(1611,1621,'friend','2022-05-15 16:10:11','2022-05-15 16:10:11'),(1611,1631,'blocked','2022-05-15 16:10:15','2022-05-15 16:10:15'),(1631,1641,'friend','2022-05-15 16:10:12','2022-05-15 16:10:12'),(1641,1631,'friend','2022-05-15 16:10:13','2022-05-15 16:10:13'),(1651,1661,'friend','2022-05-15 16:10:14','2022-05-15 16:10:14'),(1671,1681,'friend','2022-05-15 16:11:01','2022-05-15 16:11:01'),(1671,1691,'blocked','2022-05-15 16:11:05','2022-05-15 16:11:05'),(1691,1701,'friend','2022-05-15 16:11:02','2022-05-15 16:11:02'),(1701,1691,'friend','2022-05-15 16:11:03','2022-05-15 16:11:03'),(1711,1721,'friend','2022-05-15 16:11:03','2022-05-15 16:11:03'),(1731,1741,'friend','2022-05-15 16:13:03','2022-05-15 16:13:03'),(1731,1751,'blocked','2022-05-15 16:13:09','2022-05-15 16:13:09'),(1751,1761,'friend','2022-05-15 16:13:04','2022-05-15 16:13:04'),(1761,1751,'friend','2022-05-15 16:13:06','2022-05-15 16:13:06'),(1771,1781,'friend','2022-05-15 16:13:07','2022-05-15 16:13:07'),(1781,1771,NULL,'2022-05-15 16:13:08','2022-05-15 16:13:08'),(1791,1801,'friend','2022-05-15 16:31:20','2022-05-15 16:31:20'),(1791,1811,'blocked','2022-05-15 16:31:24','2022-05-15 16:31:24'),(1811,1821,'friend','2022-05-15 16:31:21','2022-05-15 16:31:21'),(1821,1811,'friend','2022-05-15 16:31:22','2022-05-15 16:31:22'),(1831,1841,'friend','2022-05-15 16:31:23','2022-05-15 16:31:23'),(1841,1831,NULL,'2022-05-15 16:31:23','2022-05-15 16:31:23'),(1851,1861,'friend','2022-05-15 16:34:42','2022-05-15 16:34:42'),(1851,1871,'blocked','2022-05-15 16:34:46','2022-05-15 16:34:46'),(1871,1881,'friend','2022-05-15 16:34:43','2022-05-15 16:34:43'),(1881,1871,'friend','2022-05-15 16:34:44','2022-05-15 16:34:44'),(1891,1901,'friend','2022-05-15 16:34:45','2022-05-15 16:34:45'),(1901,1891,NULL,'2022-05-15 16:34:45','2022-05-15 16:34:45'),(1911,1921,'friend','2022-05-15 17:01:22','2022-05-15 17:01:22'),(1911,1931,'blocked','2022-05-15 17:01:28','2022-05-15 17:01:28'),(1931,1941,'friend','2022-05-15 17:01:23','2022-05-15 17:01:23'),(1941,1931,'friend','2022-05-15 17:01:24','2022-05-15 17:01:24'),(1951,1961,'friend','2022-05-15 17:01:25','2022-05-15 17:01:25'),(1961,1951,NULL,'2022-05-15 17:01:26','2022-05-15 17:01:26'),(1971,1981,'friend','2022-05-15 17:01:26','2022-05-15 17:01:26'),(1981,1971,'blocked','2022-05-15 17:01:27','2022-05-15 17:01:27'),(1991,2001,'friend','2022-05-15 17:10:25','2022-05-15 17:10:25'),(1991,2011,'blocked','2022-05-15 17:10:31','2022-05-15 17:10:31'),(2021,2011,'friend','2022-05-15 17:10:26','2022-05-15 17:10:26'),(2031,2041,'friend','2022-05-15 17:10:27','2022-05-15 17:10:27'),(2041,2031,NULL,'2022-05-15 17:10:28','2022-05-15 17:10:28'),(2051,2061,'friend','2022-05-15 17:10:29','2022-05-15 17:10:29'),(2061,2051,'blocked','2022-05-15 17:10:30','2022-05-15 17:10:30'),(2091,2101,'friend','2022-05-15 17:11:58','2022-05-15 17:11:58'),(2091,2111,'blocked','2022-05-15 17:12:03','2022-05-15 17:12:03'),(2111,2121,'friend','2022-05-15 17:11:58','2022-05-15 17:11:58'),(2121,2111,'friend','2022-05-15 17:11:59','2022-05-15 17:11:59'),(2131,2141,'friend','2022-05-15 17:12:00','2022-05-15 17:12:00'),(2141,2131,NULL,'2022-05-15 17:12:01','2022-05-15 17:12:01'),(2151,2161,'friend','2022-05-15 17:12:02','2022-05-15 17:12:02'),(2161,2151,'blocked','2022-05-15 17:12:02','2022-05-15 17:12:02'),(2171,2181,'friend','2022-05-15 17:16:00','2022-05-15 17:16:00'),(2171,2191,'blocked','2022-05-15 17:16:07','2022-05-15 17:16:07'),(2191,2201,NULL,'2022-05-15 17:16:00','2022-05-15 17:16:05'),(2201,2191,'friend','2022-05-15 17:16:01','2022-05-15 17:16:01'),(2211,2221,'friend','2022-05-15 17:16:02','2022-05-15 17:16:02'),(2221,2211,NULL,'2022-05-15 17:16:03','2022-05-15 17:16:03'),(2231,2241,'friend','2022-05-15 17:16:04','2022-05-15 17:16:04'),(2241,2231,'blocked','2022-05-15 17:16:05','2022-05-15 17:16:05'),(2251,2261,'friend','2022-05-16 12:26:23','2022-05-16 12:26:23'),(2251,2271,'blocked','2022-05-16 12:26:31','2022-05-16 12:26:31'),(2271,2281,'friend','2022-05-16 12:26:24','2022-05-16 12:26:29'),(2281,2271,'friend','2022-05-16 12:26:24','2022-05-16 12:26:30'),(2291,2301,'friend','2022-05-16 12:26:25','2022-05-16 12:26:25'),(2301,2291,NULL,'2022-05-16 12:26:26','2022-05-16 12:26:26'),(2311,2321,'friend','2022-05-16 12:26:27','2022-05-16 12:26:27'),(2321,2311,'blocked','2022-05-16 12:26:28','2022-05-16 12:26:28'),(2331,2341,'friend','2022-05-16 12:27:56','2022-05-16 12:27:56'),(2331,2351,'blocked','2022-05-16 12:28:04','2022-05-16 12:28:04'),(2351,2361,'friend','2022-05-16 12:27:57','2022-05-16 12:28:03'),(2361,2351,'friend','2022-05-16 12:27:58','2022-05-16 12:27:58'),(2371,2381,'friend','2022-05-16 12:27:58','2022-05-16 12:27:58'),(2381,2371,NULL,'2022-05-16 12:27:59','2022-05-16 12:27:59'),(2391,2401,'friend','2022-05-16 12:28:00','2022-05-16 12:28:00'),(2401,2391,'blocked','2022-05-16 12:28:01','2022-05-16 12:28:01'),(2411,2421,'friend','2022-05-16 12:53:14','2022-05-16 12:53:14'),(2411,2431,'blocked','2022-05-16 12:53:23','2022-05-16 12:53:23'),(2431,2441,'friend','2022-05-16 12:53:15','2022-05-16 12:53:21'),(2441,2431,'blocked','2022-05-16 12:53:16','2022-05-16 12:53:23'),(2451,2461,'friend','2022-05-16 12:53:17','2022-05-16 12:53:17'),(2461,2451,NULL,'2022-05-16 12:53:18','2022-05-16 12:53:18'),(2471,2481,'friend','2022-05-16 12:53:19','2022-05-16 12:53:19'),(2481,2471,'blocked','2022-05-16 12:53:19','2022-05-16 12:53:19'),(2491,2501,'friend','2022-05-16 12:59:48','2022-05-16 12:59:48'),(2491,2511,'blocked','2022-05-16 12:59:56','2022-05-16 12:59:56'),(2511,2521,'friend','2022-05-16 12:59:48','2022-05-16 12:59:54'),(2521,2511,'blocked','2022-05-16 12:59:49','2022-05-16 12:59:55'),(2531,2541,'friend','2022-05-16 12:59:50','2022-05-16 12:59:50'),(2541,2531,NULL,'2022-05-16 12:59:51','2022-05-16 12:59:51'),(2551,2561,'friend','2022-05-16 12:59:51','2022-05-16 12:59:51'),(2561,2551,'blocked','2022-05-16 12:59:52','2022-05-16 12:59:52'),(2571,2581,'friend','2022-05-16 13:01:10','2022-05-16 13:01:10'),(2571,2591,'blocked','2022-05-16 13:01:21','2022-05-16 13:01:21'),(2591,2601,'friend','2022-05-16 13:01:11','2022-05-16 13:01:18'),(2601,2591,'blocked','2022-05-16 13:01:12','2022-05-16 13:01:20'),(2611,2621,'friend','2022-05-16 13:01:13','2022-05-16 13:01:13'),(2621,2611,NULL,'2022-05-16 13:01:14','2022-05-16 13:01:14'),(2631,2641,'friend','2022-05-16 13:01:15','2022-05-16 13:01:15'),(2641,2631,'blocked','2022-05-16 13:01:16','2022-05-16 13:01:16'),(2651,2661,'friend','2022-05-16 13:02:43','2022-05-16 13:02:43'),(2651,2671,'blocked','2022-05-16 13:02:52','2022-05-16 13:02:52'),(2671,2681,'blocked','2022-05-16 13:02:44','2022-05-16 13:02:51'),(2681,2671,'blocked','2022-05-16 13:02:45','2022-05-16 13:02:50'),(2691,2701,'friend','2022-05-16 13:02:45','2022-05-16 13:02:45'),(2701,2691,NULL,'2022-05-16 13:02:46','2022-05-16 13:02:46'),(2711,2721,'friend','2022-05-16 13:02:47','2022-05-16 13:02:47'),(2721,2711,'blocked','2022-05-16 13:02:48','2022-05-16 13:02:48'),(2731,2741,'friend','2022-05-16 13:18:42','2022-05-16 13:18:42'),(2751,2761,'friend','2022-05-16 13:18:43','2022-05-16 13:18:43'),(2761,2751,'friend','2022-05-16 13:18:44','2022-05-16 13:18:44'),(2841,2851,'friend','2022-05-16 13:20:13','2022-05-16 13:20:13'),(2841,2861,'blocked','2022-05-16 13:20:21','2022-05-16 13:20:21'),(2861,2871,'blocked','2022-05-16 13:20:14','2022-05-16 13:20:20'),(2871,2861,'blocked','2022-05-16 13:20:15','2022-05-16 13:20:19'),(2881,2891,'friend','2022-05-16 13:20:15','2022-05-16 13:20:15'),(2891,2881,NULL,'2022-05-16 13:20:16','2022-05-16 13:20:16'),(2901,2911,'friend','2022-05-16 13:20:16','2022-05-16 13:20:16'),(2911,2901,'blocked','2022-05-16 13:20:17','2022-05-16 13:20:17'),(2921,2931,'friend','2022-05-16 13:21:21','2022-05-16 13:21:21'),(2921,2941,'blocked','2022-05-16 13:21:29','2022-05-16 13:21:29'),(2941,2951,'blocked','2022-05-16 13:21:21','2022-05-16 13:21:28'),(2951,2941,'blocked','2022-05-16 13:21:22','2022-05-16 13:21:27'),(2961,2971,'friend','2022-05-16 13:21:23','2022-05-16 13:21:23'),(2971,2961,NULL,'2022-05-16 13:21:23','2022-05-16 13:21:23'),(2981,2991,'friend','2022-05-16 13:21:24','2022-05-16 13:21:24'),(2991,2981,'blocked','2022-05-16 13:21:25','2022-05-16 13:21:25'),(3001,3011,'friend','2022-05-16 13:22:24','2022-05-16 13:22:24'),(3001,3021,'blocked','2022-05-16 13:22:33','2022-05-16 13:22:33'),(3021,3031,'blocked','2022-05-16 13:22:25','2022-05-16 13:22:32'),(3031,3021,'blocked','2022-05-16 13:22:26','2022-05-16 13:22:32'),(3041,3051,'friend','2022-05-16 13:22:27','2022-05-16 13:22:27'),(3051,3041,NULL,'2022-05-16 13:22:28','2022-05-16 13:22:28'),(3061,3071,'friend','2022-05-16 13:22:28','2022-05-16 13:22:28'),(3071,3061,'blocked','2022-05-16 13:22:29','2022-05-16 13:22:29');
/*!40000 ALTER TABLE `user_user_relationships` ENABLE KEYS */;
UNLOCK TABLES;

--
-- Table structure for table `users`
--

DROP TABLE IF EXISTS `users`;
/*!40101 SET @saved_cs_client     = @@character_set_client */;
/*!40101 SET character_set_client = utf8 */;
CREATE TABLE `users` (
  `user_id` int(11) NOT NULL AUTO_INCREMENT,
  `first_name` varchar(255) NOT NULL,
  `last_name` varchar(255) NOT NULL,
  `middle_name` varchar(255) DEFAULT NULL,
  `user_name` varchar(255) NOT NULL,
  `mobile_number` varchar(255) DEFAULT NULL,
  `email` varchar(255) NOT NULL,
  `password` varchar(255) NOT NULL,
  `registrated_at` datetime NOT NULL DEFAULT CURRENT_TIMESTAMP,
  `last_login_at` datetime NOT NULL DEFAULT CURRENT_TIMESTAMP,
  `updated_at` datetime NOT NULL DEFAULT CURRENT_TIMESTAMP,
  `intro` varchar(255) DEFAULT NULL,
  `profile_image_media_id` int(11) DEFAULT NULL,
  PRIMARY KEY (`user_id`),
  UNIQUE KEY `unq_users` (`email`),
  UNIQUE KEY `unq_users_1` (`user_name`),
  UNIQUE KEY `unq_users_0` (`mobile_number`),
  KEY `idx_users` (`profile_image_media_id`),
  CONSTRAINT `fk_users_medias` FOREIGN KEY (`profile_image_media_id`) REFERENCES `medias` (`media_id`) ON DELETE NO ACTION ON UPDATE NO ACTION
) ENGINE=InnoDB AUTO_INCREMENT=3072 DEFAULT CHARSET=utf8;
/*!40101 SET character_set_client = @saved_cs_client */;

--
-- Dumping data for table `users`
--

LOCK TABLES `users` WRITE;
/*!40000 ALTER TABLE `users` DISABLE KEYS */;
INSERT INTO `users` VALUES (1,'Zoltán','Császár',NULL,'Zoli06','+36302936790','zolixvagyok@gmail.com','9f13dd3c28efd2dcc75f132496e42d184449256da960cb545dac54a76de99614','2022-04-18 09:21:50','2022-04-18 09:21:50','2022-04-30 10:56:49','Very first user',NULL),(2,'Mónika','Császár',NULL,'Anyu','+36305379809','csaszarmonika@gmail.hu','9f13dd3c28efd2dcc75f132496e42d184449256da960cb545dac54a76de99614','2022-04-19 01:21:34','2022-04-19 01:21:34','2022-04-30 10:56:49','Second first user',NULL),(40,'Attila','Császár',NULL,'Ati',NULL,'-','$2b$10$j7Pj6WzFYzg1Crjxv2WbreyMEvyBNvK5oAGmPMMbLIbQABR/fVG46','2022-04-19 06:15:54','2022-04-19 06:15:54','2022-04-30 10:56:49',NULL,NULL),(42,'János','Próba',NULL,'Próbagyerek',NULL,'valami@valami.hu','$2b$10$0xTUVc1uvIwWpJeDV8hIEO.lj0XSz5yADn4xmVNJfq0lJpIQotCby','2022-04-20 10:49:58','2022-04-20 10:49:58','2022-04-30 10:56:49',NULL,NULL),(45,'István','Bartos','Cs.','bartos','+36301234567','email@address.com','jelszo','2022-04-20 11:51:41','2022-05-04 12:21:31','2022-05-04 12:28:38','próba intro bla bla',1),(61,'a','b',NULL,'c',NULL,'d','$2b$10$WdUcTS92EWAFkIXfYzpaqOJWkBZJGz.QQ9FoEP.9eIHz3hM3haP3u','2022-05-03 12:22:01','2022-05-03 12:22:01','2022-05-03 12:22:01',NULL,NULL),(71,'f','g',NULL,'h',NULL,'i','$2b$10$BiidWuwfU2tK05CZ8r/2Cuq.WhdvssYpAuPe7JTPBhhqN648LKUYW','2022-05-03 12:22:29','2022-05-03 12:22:29','2022-05-03 12:22:29',NULL,NULL),(81,'Zoltán','Császár','','admin','+36309876543','csaszar.zoltan_2021d@bolyai-szakkozep.hu','$2b$10$kKd5kaADOTr6Sl5Lv.69YOmzhfiHcUhNTzLUnzYZGpTjY7ygVCYWS','2022-05-05 08:16:04','2022-05-13 14:02:17','2022-05-06 13:08:29','Admin user',1),(91,'Imogene','Barrows','Imogene','Orland54','770-588-3363','Camila87@hotmail.com','$2b$10$.A27VMlOw9/zQjFf.sXO/eE5sttzfQ2CXMr8xx8hDIC5sHhp7GS7.','2022-05-13 13:46:22','2022-05-13 13:46:22','2022-05-13 13:46:22',NULL,NULL),(101,'Rudolph','Howe','Rudolph','Damien11','418-602-8904','Rocky38@hotmail.com','$2b$10$CNvOx.vMsuVaxPZM/.JYbOn3VSpaYue10QQ98QJJj0t3SGtN2sHQS','2022-05-13 13:49:19','2022-05-13 13:49:19','2022-05-13 13:49:19',NULL,NULL),(111,'Jacinthe','Parker','Jacinthe','Nona.Murazik','450-346-7893','Maudie17@yahoo.com','$2b$10$BFIyF8K93d2Q5lzyyo2aM.YRVeBK8bsdkYI5ltGSgXNZLOSJA4ujK','2022-05-13 13:51:23','2022-05-13 13:51:23','2022-05-13 13:51:23',NULL,NULL),(121,'Nora','Paucek','Nora','Jenifer38','569-764-8120','Carmel_Grady59@hotmail.com','$2b$10$Ub0Hnlyz5csPRxxtFaeClOJRf6YvGokuywxpeJHq.LI4Piy5buT6e','2022-05-13 13:52:01','2022-05-13 13:52:01','2022-05-13 13:52:01',NULL,NULL),(131,'Rhett','Stark','Rhett','Amos.Wolf','741-240-5006','Rashad.DuBuque38@gmail.com','$2b$10$L2y1xNvlpfSZdML2Vucvr.WvjPqwyUo/keUbSf6VNj.387WdmCDGa','2022-05-13 13:52:58','2022-05-13 13:52:58','2022-05-13 13:52:58',NULL,NULL),(141,'Erwin','Turcotte','Erwin','Sedrick75','765-451-7965','Darius.Walter@hotmail.com','$2b$10$qUf7CDFzCrceDYrmx/q8HuP36Aw0eE6P2YA9k.DnbeYANZQtSdZ3K','2022-05-13 13:53:37','2022-05-13 13:53:37','2022-05-13 13:53:37',NULL,NULL),(151,'Cathryn','Doyle','Cathryn','Tyreek.Wiza','656-610-6180','Hermina_Morissette54@gmail.com','$2b$10$oWFYzzzOk3rFbPFnPI1pvOtM5cJ1hq3Pkr9D3khWnuDwEvLWDQFFG','2022-05-13 13:57:59','2022-05-13 13:57:59','2022-05-13 13:57:59',NULL,NULL),(161,'Rhianna','Gibson','Rhianna','Viviane_Yost','286-484-8924','Lyric.Kuhic@gmail.com','$2b$10$GAAVgVahxIglh6IrchblLOF0RHMXC/gU1z7T6hvGDw.G2in2a/hZa','2022-05-13 13:58:25','2022-05-13 13:58:25','2022-05-13 13:58:25',NULL,NULL),(171,'Major','Hegmann','Major','Amir.Hermiston','579-273-6074','Lavada66@hotmail.com','$2b$10$uvez0EgOY7bY4i59ZQwNneV7HOFI9Yl.RUdoPFcLbVktYN.4tXtIm','2022-05-13 13:58:38','2022-05-13 13:58:38','2022-05-13 13:58:38',NULL,NULL),(181,'Destinee','Tillman','Destinee','Nettie.Gutmann17','445-501-1712','Dayana59@gmail.com','$2b$10$8AdZb6nOe4EsZpdPCPKW3uzw4x03Fw5NXGWhDQdilpZ7d2VKOhjt6','2022-05-13 13:59:10','2022-05-13 13:59:10','2022-05-13 13:59:10',NULL,NULL),(191,'Jannie','Spencer','Jannie','Caleigh_Ortiz','573-963-7075','Lila_OConner@yahoo.com','$2b$10$ESl4qe5.NNVTKpW0cLKzpOykjQnGNlU0qkFX1OFHmaz6gMTDvqFUq','2022-05-13 14:00:21','2022-05-13 14:00:21','2022-05-13 14:00:21',NULL,NULL),(201,'Janessa','Rice','Janessa','Kamron95','804-210-6921','Earnestine.Crist97@hotmail.com','$2b$10$TV3X5W/X8v2cEb.wGZeFieQJc6rjekdF6iPagkwKGWK1eNXga0EUu','2022-05-13 14:02:17','2022-05-13 14:02:17','2022-05-13 14:02:17',NULL,NULL),(211,'Richard','Hegmann','Richard','Alexandria57','956-611-4899','Cullen.Vandervort@yahoo.com','$2b$10$x.oGw47RipiWVDpGC49mpeCPrnYUxcS5k61RVZk.lIKL5RPlm/jZ2','2022-05-13 14:02:38','2022-05-13 14:02:38','2022-05-13 14:02:38',NULL,NULL),(221,'Alva','Ullrich','Alva','Cleta.Feest10','821-709-8910','Clark41@hotmail.com','$2b$10$EhHtD/Jf8pt.WtedduYCbOuQyAqb/nhIOG3.7ZIfOKBz3wweH9fUy','2022-05-13 14:03:31','2022-05-13 14:03:31','2022-05-13 14:03:31',NULL,NULL),(231,'Deven','Mante','Deven','Marianne59','967-337-1452','Cale_Waters56@gmail.com','$2b$10$2b20ViaXL6yjuqLWZXMAC.y4bV3Dq3PMyQalTsKF7AAAMM0E4PWQe','2022-05-13 14:04:04','2022-05-13 14:04:04','2022-05-13 14:04:04',NULL,NULL),(241,'Vernon','Legros','Vernon','Liza_Dickens','531-571-8573','Myron55@gmail.com','$2b$10$rcpAiGFvXn2xwReXy9B3lex/EVYALTxdtmLEQrUNYRECWzTemuEQe','2022-05-13 14:04:36','2022-05-13 14:04:36','2022-05-13 14:04:36',NULL,NULL),(251,'Shanelle','Heathcote','Shanelle','Jaycee_Schaden75','840-254-5280','Charlene_Hoeger15@yahoo.com','$2b$10$ad6IIxAxlb0/mgBs6Rg9P.3HnND5iXzFPx0jWI8Jcvbvfjy45shi6','2022-05-13 14:07:16','2022-05-13 14:07:16','2022-05-13 14:07:16',NULL,NULL),(261,'Christiana','Shanahan','Christiana','Ludwig.Kozey23','489-979-9760','Chelsie_Smith25@yahoo.com','$2b$10$4xEZ7oazjz7OScXg6RT88OuSnxgPKutSAjKCJAFQxZYT.TG/i3FL6','2022-05-13 14:08:18','2022-05-13 14:12:17','2022-05-13 14:08:18',NULL,NULL),(321,'Lisette','Fadel','Lisette','Audreanne_Johnston53','324-639-1856','Adella_Connelly@gmail.com','$2b$10$bN.5h7fD59gcFoEpgROJx.5TGKKiDIsCJSUmYuH7FoPOUKgCJw2eq','2022-05-13 14:14:06','2022-05-13 14:14:06','2022-05-13 14:14:06',NULL,NULL),(331,'Antonette','Rohan','Antonette','Ernestina.Marvin15','787-353-2946','Erica_Larson@gmail.com','$2b$10$QGmOcckjqH3YgbTFR9GdWuFgyjgBGI9r1SvGQ6bedtHRWhbqFloc2','2022-05-14 14:54:45','2022-05-14 14:54:45','2022-05-14 14:54:45',NULL,NULL),(341,'Bettie','Baumbach','Bettie','Emilia57','491-550-7155','Alena.Heathcote12@gmail.com','$2b$10$dOES6I3asPBEgcgx7LPAfe/Kxd7IY8X01mn2irM.WTW4qjR4ghJWe','2022-05-14 14:55:14','2022-05-14 14:55:14','2022-05-14 14:55:14',NULL,NULL),(351,'Mariano','Weimann','Mariano','Waldo_Crona41','474-619-4383','Golden_Deckow94@gmail.com','$2b$10$e2F65dl.2bfeqeaVXvj8xe262.0wDH4DUy2r5kDKUM1gfNT74vPdm','2022-05-14 14:56:04','2022-05-14 14:56:04','2022-05-14 14:56:04',NULL,NULL),(361,'Conner','Cronin','Conner','Amaya.Hintz86','471-747-4543','Gerson_Hessel@yahoo.com','$2b$10$4x.qVVnQWFUR3L9koE3BN.32ThaZtH3a2p7XkKCDRK3xkkLeCUuke','2022-05-14 15:00:48','2022-05-14 15:00:48','2022-05-14 15:00:48',NULL,NULL),(371,'Elenora','Bradtke','Elenora','Ena.Kulas33','863-908-9299','Hipolito.Ullrich@hotmail.com','$2b$10$QF7FDV7/srwnJHPhL251deMvrUN/v6KG1SIASNBIM.4uDPU6VWzEG','2022-05-14 15:00:57','2022-05-14 15:00:57','2022-05-14 15:00:57',NULL,NULL),(381,'Tristian','Welch','Tristian','Nikki10','546-548-3506','Friedrich_Kihn@hotmail.com','$2b$10$hutkhDgNGCn5EXqfdtbq2uVPR5I3JLWeWCvIOdeiLnowGetlDYXYG','2022-05-14 15:11:21','2022-05-14 15:13:45','2022-05-14 15:11:21',NULL,NULL),(391,'Taylor','Gerlach','Taylor','Amir_Wuckert','575-880-9329','Lazaro.Weissnat@gmail.com','$2b$10$VNwKEI54/QUcAOS/.bwMmuP8lTkIqsu5EnkN5qGFF/IknrMS6.D7.','2022-05-14 15:19:26','2022-05-14 15:19:26','2022-05-14 15:19:26',NULL,NULL),(401,'Ervin','Hamill','Ervin','Sister45','926-419-1357','Penelope36@hotmail.com','$2b$10$mnAJyiQYdV5NKJgAhogNO.Kmc7MlnLN3li5Kza4WZ.nEGJbxlSYpa','2022-05-14 15:20:02','2022-05-14 15:20:02','2022-05-14 15:20:02',NULL,NULL),(411,'Antonio','Kuhic','Antonio','Hermina.Pfannerstill35','305-542-4140','Jalyn.Carter@hotmail.com','$2b$10$/kUeCM9ECswXtYsubphOAekHYHF9jQrIjMIGHYxE8n9xn3Xog2gPe','2022-05-14 15:20:44','2022-05-14 15:20:44','2022-05-14 15:20:44',NULL,NULL),(421,'Merritt','Keebler','Merritt','Joyce.Bergnaum53','428-257-4557','Lane_Schroeder4@hotmail.com','$2b$10$.8plzIAQf7D6SloAJJHh3etxCS4qGG9jL/df16UewSzx7CO1uhQr.','2022-05-14 15:20:59','2022-05-14 15:20:59','2022-05-14 15:20:59',NULL,NULL),(431,'Orlando','Breitenberg','Orlando','Florida35','535-456-9536','Elijah.Lemke8@yahoo.com','$2b$10$SfgqLSvTQ/6jWSQud.8XzexSTNzMYHKMmLLN9N0JWFP9iFrxnsReW','2022-05-14 15:21:06','2022-05-14 15:21:07','2022-05-14 15:21:06',NULL,NULL),(441,'Anissa','McClure','Anissa','Dusty_Zulauf','382-880-0596','London73@hotmail.com','$2b$10$qpNvi/RZYPzHLnk9qjNyZ.KT1Ya9d/Zg1b.cjv7paVm1xiGOnUbta','2022-05-14 15:22:01','2022-05-14 15:22:02','2022-05-14 15:22:01',NULL,NULL),(451,'Kiel','Beatty','Kiel','Joyce53','254-578-4391','Amelia.Ebert88@hotmail.com','$2b$10$cAxvXCYIpZbApqNVu3me5e2B3k3wnaMrJhQGs4Aqu98lA1MC1Xu9m','2022-05-14 15:22:40','2022-05-14 15:22:40','2022-05-14 15:22:40',NULL,NULL),(461,'Adelle','Stracke','Adelle','Joy86','277-488-5901','Jerrell37@yahoo.com','$2b$10$X3bOBB5vzpE4UNc1ta.KS.y69fC045XY5o37TINUougqhz73yuBPq','2022-05-14 15:23:08','2022-05-14 15:23:08','2022-05-14 15:23:08',NULL,NULL),(471,'Nellie','Schamberger','Nellie','Tressa22','751-742-2291','Ottilie_Treutel@yahoo.com','$2b$10$9Fh88bIK172N2CDQhy7HUe1BfqrrDtexGwhgqAs234IpO46hhZcvW','2022-05-14 15:23:34','2022-05-14 15:23:35','2022-05-14 15:23:34',NULL,NULL),(481,'Abdul','Lowe','Abdul','Lennie.Schiller61','610-482-3778','Grant53@hotmail.com','$2b$10$3MzLazt.7DRFlCGC156Re.zjjxUv1zMcKErxoPM.GzlJ9hqgwdiiK','2022-05-14 15:24:04','2022-05-14 15:24:05','2022-05-14 15:24:04',NULL,NULL),(491,'Louvenia','Dibbert','Louvenia','Queenie.Kozey','291-222-4626','Kallie_Windler45@hotmail.com','$2b$10$4HY8IidTR4QpKexE3kTGo.0TLmFkiuQOHWUzXgHl7DOiD2YFJcuFy','2022-05-14 15:26:17','2022-05-14 15:26:17','2022-05-14 15:26:17',NULL,NULL),(501,'Stacey','Abernathy','Stacey','Jeromy54','967-219-4754','Eliezer2@yahoo.com','$2b$10$isdnnk.bqDrnlke/GWPEHeooOJ2Q.6grSd8PY5cFZNZy47x.Lx1ji','2022-05-14 15:26:44','2022-05-14 15:26:44','2022-05-14 15:26:44',NULL,NULL),(511,'Nola','Hermiston','Nola','Margarette.Bernier0','434-202-3858','Alena.Cormier80@hotmail.com','$2b$10$xUAz4oczde7BE78KcFraw.i4OMEU..JenQ0IV3vhMvpYnNy.6MO2i','2022-05-14 15:29:33','2022-05-14 15:29:34','2022-05-14 15:29:33',NULL,NULL),(521,'Bethany','Hilll','Bethany','Melody.Koelpin47','537-385-7765','Wilson_Emmerich@yahoo.com','$2b$10$jNZz9A0cwp5vPXOa9uu9z.0SJ4WOX9OuPZrTIgmuaFTymb0rRKhbq','2022-05-14 15:31:47','2022-05-14 15:31:48','2022-05-14 15:31:47',NULL,NULL),(531,'Francis','Douglas','Francis','Paul_Towne','523-642-7504','Vicenta.Langosh@yahoo.com','$2b$10$SAFpz5.GnDWoP7nG.vnRzu2YPZV5ufZtgNzFJnPOiFCXcGG8XkNKa','2022-05-14 15:32:34','2022-05-14 15:32:35','2022-05-14 15:32:34',NULL,NULL),(541,'Jess','Koelpin','Jess','Lawson_Walsh','576-255-9657','Emmitt70@yahoo.com','$2b$10$JSlKtayphivj1ZmK6xdGVOcdhrK5QIhMhmDslc4ZCRHCtkWP6/TGO','2022-05-14 15:35:40','2022-05-14 15:35:41','2022-05-14 15:35:40',NULL,NULL),(551,'Amya','Kutch','Amya','Dovie83','716-890-5941','Selena.Heaney27@hotmail.com','$2b$10$XvYdLehp6JQGj5g2h6izIufs7skDKUCw.pkH..8kzd7WDqFSgqp92','2022-05-14 15:36:35','2022-05-14 15:36:36','2022-05-14 15:36:35',NULL,NULL),(561,'Katelyn','Hauck','Katelyn','Dimitri_Goldner','328-698-5603','Brett88@hotmail.com','$2b$10$MiHrmEKYlAjJTkxyKIttqul4pcN8XrH8OIHY7Y.AbISEL5F1aH6Y6','2022-05-14 15:36:55','2022-05-14 15:36:55','2022-05-14 15:36:55',NULL,NULL),(571,'Frank','Kling','Frank','Jerad_Zieme','847-490-3608','Jerel62@hotmail.com','$2b$10$q91XmSFAapW5RuaSgEKn.uuM8Xohhh8GsgdLks0ueRuzfIyWq88S.','2022-05-14 15:38:10','2022-05-14 15:38:11','2022-05-14 15:38:10',NULL,NULL),(581,'Sandy','Gottlieb','Sandy','Brisa30','543-745-4209','Carolyne.Wisoky3@yahoo.com','$2b$10$EL29FWHoQkuG2.Hkp4wDFeIbQaFjs.mv8ucSA94l2JzWsRpydng0y','2022-05-14 15:39:56','2022-05-14 15:39:56','2022-05-14 15:39:56',NULL,NULL),(591,'Cary','Kuvalis','Cary','Arne.Funk','544-987-7898','Tamara0@hotmail.com','$2b$10$10NFeBCk6rsyYciqisKf8.FRm9z2agImdbPzTxUhTtoA7H3FUBTMW','2022-05-14 15:40:07','2022-05-14 15:40:08','2022-05-14 15:40:07',NULL,NULL),(601,'Clotilde','Murphy','Clotilde','Filiberto.Casper','869-997-5610','Mattie_Erdman@hotmail.com','$2b$10$OHhH0lGS.si.lGSYqC3OyubM5HTc4mR2G23seBkNYEKOJUJRRmN7K','2022-05-14 15:44:25','2022-05-14 15:44:25','2022-05-14 15:44:25',NULL,NULL),(611,'Zula','Kris','Zula','Nelson_Klocko','664-618-5498','Samantha_Boehm31@gmail.com','$2b$10$1wRciQZXZOynwstDlCiwqeURTD.0uduK0j.BkM75kSqqzrF9ItlLm','2022-05-14 15:45:40','2022-05-14 15:45:40','2022-05-14 15:45:40',NULL,NULL),(621,'Nikki','Torp','Nikki','Concepcion.Runolfsdottir3','853-755-9477','Brenna_Wehner@gmail.com','$2b$10$vmhemPazBDmqE5nGe0yodeu4h.cTsUlmPc2zxv0My9h4HM09UV.tm','2022-05-14 15:46:45','2022-05-14 15:46:46','2022-05-14 15:46:45',NULL,NULL),(631,'Jammie','Flatley','Jammie','Filiberto_Jaskolski','743-464-7779','Archibald.Dibbert92@hotmail.com','$2b$10$BZ0ULmU5OPF/YFDVScheYO/w2MNmDEaksTU040QmzWpEmbAv2vZ3u','2022-05-14 15:47:31','2022-05-14 15:47:32','2022-05-14 15:47:31',NULL,NULL),(641,'Francisca','Moen','Alda','Jaclyn_Trantow','930-694-2523','Wilburn_Lockman@gmail.com','$2b$10$cc0lVCjYzr3ddI1JFnXV4emnaTH9gCeAqK4iAeB/L0B9GLDbXeDj6','2022-05-14 15:48:26','2022-05-14 15:48:26','2022-05-14 15:48:26',NULL,NULL),(651,'Paula','Hamill','Amari','Tremayne.Flatley3','641-726-9023','Genoveva.Medhurst@gmail.com','$2b$10$NeaO5V9iZSL7BicmgJRTH.aKE8AXQydZUobL3QvVHKRRiMPusxJ6O','2022-05-14 15:49:38','2022-05-14 15:49:38','2022-05-14 15:49:38',NULL,NULL),(661,'Octavia','Johns','Liza','Colton.Nolan58','594-574-5009','Oma86@hotmail.com','$2b$10$JafdvnyYIID6ek4An.FgLOe7FtSdByRuMYdIKp5Ebos/KfSzC.t9.','2022-05-14 16:08:32','2022-05-14 16:08:32','2022-05-14 16:08:32',NULL,NULL),(671,'Francis','Wintheiser','Harmon','Laverne38','401-731-3572','Eva.Rippin77@hotmail.com','$2b$10$zpjsDvztn8HWmYsGn0fqHeEkP6aKohXOquqg1lkZF.1YawXatMj0y','2022-05-14 16:09:15','2022-05-14 16:09:16','2022-05-14 16:09:15',NULL,NULL),(681,'Retha','Botsford','Glen','Alec_Bogan83','324-691-3750','Cora.Ortiz43@gmail.com','$2b$10$g5dA/oLafNRlwtp5Gp5WTOYeCxbzO482n.GbGxQx.fi1/MES5k/0C','2022-05-14 16:09:29','2022-05-14 16:09:30','2022-05-14 16:09:29',NULL,NULL),(691,'Roscoe','Kulas','Aaliyah','Beaulah.Kilback','988-722-8808','Maverick.Feeney@gmail.com','$2b$10$D1a3hhxlcR.nRS1grUf3reQoTH/QQV94tak73BfEDm/iCEojp4yoq','2022-05-14 16:21:10','2022-05-14 16:21:11','2022-05-14 16:21:10',NULL,NULL),(701,'Magnolia','Kessler','Jakob','Hayley55','535-368-6077','Gilda.Wyman70@hotmail.com','$2b$10$TIMcuthMGPydw0Fr6CLi2O1asAiUk3Z9Ldp98fOkZ1MuttACv/GFK','2022-05-14 16:21:12','2022-05-14 16:21:12','2022-05-14 16:21:12',NULL,NULL),(711,'Johan','Leuschke','Gideon','Clinton29','462-342-6581','Soledad_Sauer69@gmail.com','$2b$10$nSZa4CbLlC6Un55ImDWAUOPi5jpKe/wlzp5hlexsUPuHVHbFZwnSW','2022-05-14 16:21:13','2022-05-14 16:21:13','2022-05-14 16:21:13',NULL,NULL),(721,'Chanel','Graham','Joanne','Mack16','672-935-7889','Rico62@yahoo.com','$2b$10$2y91EsFLxHT.U3s5o1g2hea5Drfsdtzb22e06tOqHXbqDCPpk7DYG','2022-05-14 16:21:14','2022-05-14 16:21:14','2022-05-14 16:21:14',NULL,NULL),(731,'Jade','O\'Reilly','Sigmund','Jesus5','344-562-8001','Marian.Leannon@yahoo.com','$2b$10$4iJWfqwhfIcPss44Kni51upSUO0d.Os9Q3OxrDpwEThi54On9WgDq','2022-05-14 16:21:15','2022-05-14 16:21:15','2022-05-14 16:21:15',NULL,NULL),(741,'Vickie','Connelly','Woodrow','Edwin_Hermiston68','614-691-2258','Jolie_Kilback27@yahoo.com','$2b$10$Pe/0DfbPHBlkDHzHnjsxVeJfNbTXcXpunOBuIKr0I9GywS4We2kaa','2022-05-14 16:21:16','2022-05-14 16:21:16','2022-05-14 16:21:16',NULL,NULL),(751,'Dina','Keeling','Monica','Gayle.Emard35','875-925-6030','Daphney58@hotmail.com','$2b$10$Wz1gDy.adKkOrwNSkg5Ro.5kEPHdqY4SVPSYeQ3rhSe82j5Kkaupu','2022-05-14 16:21:17','2022-05-14 16:21:17','2022-05-14 16:21:17',NULL,NULL),(761,'Clarabelle','Cormier','Buddy','Ethel44','595-408-2055','Khalid78@hotmail.com','$2b$10$O/kde4HG8TwBEecvrpdE2.t7bHuPW70het7wdntdqqX/IE72R/CaC','2022-05-14 16:21:18','2022-05-14 16:21:18','2022-05-14 16:21:18',NULL,NULL),(771,'Eduardo','Haley','Era','Amanda77','208-410-4680','Hiram_Barton64@hotmail.com','$2b$10$LBTuZqPvCLOtyQ8sgFO9zu9XC7hW8kUmInF5vm2FwF.2Py2PpO1sC','2022-05-14 16:25:37','2022-05-14 16:25:38','2022-05-14 16:25:37',NULL,NULL),(781,'William','Schiller','Oda','Domenica5','419-903-7735','Colby.Deckow@gmail.com','$2b$10$Qy9WqdZxt927sOAYIooURe4BcjWmhIAHdt4nVGnVqCxTF0MJQBpJS','2022-05-14 16:25:38','2022-05-14 16:25:39','2022-05-14 16:25:38',NULL,NULL),(791,'Kian','Breitenberg','Kyler','Desiree78','925-218-6548','Dino.Rath@hotmail.com','$2b$10$ADtmVUKRZT0whDGkmSJW2ObhAFJ5S6eqX2dAoGUS2.wIDZISbo3Gm','2022-05-14 16:25:39','2022-05-14 16:25:40','2022-05-14 16:25:39',NULL,NULL),(801,'Willard','Cartwright','Austin','Janis6','639-930-2052','Annette75@hotmail.com','$2b$10$/ViT4u9wB7hH13WBwNkx2e1vxfsbGGyMy/C7d6TZOXx7Kwcm6dIr.','2022-05-14 16:25:40','2022-05-14 16:25:40','2022-05-14 16:25:40',NULL,NULL),(811,'Genesis','Bailey','Jordane','Filiberto.Greenfelder41','833-600-6147','Joannie.Sipes26@gmail.com','$2b$10$K0Bs6tT3ts37dZSd6izhsO/iG1VCm5MVHhru07x48QxCHGN.Oph6a','2022-05-14 16:25:41','2022-05-14 16:25:41','2022-05-14 16:25:41',NULL,NULL),(821,'Myron','Reynolds','Terrance','Tyra52','540-202-1868','Marguerite1@hotmail.com','$2b$10$zdX.7kMMFQikXRI0Tq.6a.bSEp/jN30gIaNt.pJ0W5hfMF4AvuPY.','2022-05-14 16:25:42','2022-05-14 16:25:42','2022-05-14 16:25:42',NULL,NULL),(831,'Brayan','Mayert','Darien','Curtis.Kerluke','864-375-6891','Belle99@yahoo.com','$2b$10$KWpLHmEFUW2uANQ9cLNwXO.Ygdm7e6Ztznz.Luoe1u7djfy5RBs3S','2022-05-14 16:25:43','2022-05-14 16:25:43','2022-05-14 16:25:43',NULL,NULL),(841,'Hilario','Friesen','Johnathan','Sedrick.Ruecker','798-545-3745','Stanton_Cormier82@gmail.com','$2b$10$N5eyvofjIMLz0FHsEPUnIOcfMWei5sSbu2huJQGluoNEQZO5UKTwO','2022-05-14 16:25:44','2022-05-14 16:25:44','2022-05-14 16:25:44',NULL,NULL),(851,'Jordy','Harris','Alena','Jennifer.Torp','369-484-0375','Mozell.Hermann21@hotmail.com','$2b$10$NFnRmUWEYTRs8Ij2wpm5QO3qjNQx28fCq5VvYxUtP4tqiTo5bSfCK','2022-05-14 16:27:08','2022-05-14 16:27:09','2022-05-14 16:27:08',NULL,NULL),(861,'Lucinda','Hyatt','Everardo','Danial_Zemlak','233-290-5716','Cade42@hotmail.com','$2b$10$doJgtA5uRzorPxFAr.gDbe3AbHA6Mb3yqGf2TvpAW7.8JX40QwhKG','2022-05-14 16:27:10','2022-05-14 17:13:46','2022-05-14 16:27:10',NULL,NULL),(921,'','','','','','','$2b$10$jgNhl/1mq1/oz/3QNY0cROBCIWpsntA/L3G8xsUlhzAvpjOBQeIUy','2022-05-14 17:13:46','2022-05-14 17:13:46','2022-05-14 17:13:46','',NULL),(961,'Ernesto','Keebler','Ceasar','Freeda62','336-473-5113','Percy74@yahoo.com','$2b$10$ZAWsaERAIadXA/VkzJyn.eUTL095OKTqYvJi24YlF8kClifTNtFtm','2022-05-14 17:23:30','2022-05-14 17:23:30','2022-05-14 17:23:30','Recusandae distinctio cum voluptatem ut numquam sunt.',NULL),(971,'Berry','Rogahn','Leola','Grover.Roob','954-480-9066','Lupe18@yahoo.com','$2b$10$l2NMb6MjTaCHRuuHdJ0opuW76sUsJSBFCryzE3ksNTOam1WWYCLUK','2022-05-14 17:28:18','2022-05-14 17:28:18','2022-05-14 17:28:18','Laborum harum officiis vero omnis similique ut corrupti.',NULL),(981,'Lacey','Braun','Amira','Cindy_Simonis66','486-436-1700','Dannie65@yahoo.com','$2b$10$SGUoyu4EBC0e/6AndEpkl.5eH3RUQFTdycmt6sRKvI4QV8xeF3pf.','2022-05-14 17:28:31','2022-05-14 17:28:32','2022-05-14 17:28:31','Labore debitis error velit qui aut voluptas quia.',NULL),(991,'Kari','Jacobson','Frederique','Jeramie74','440-687-8606','Pierce.Kautzer70@yahoo.com','$2b$10$Jr0nQbtCTs46mbY3Uk7Lu.yYKApHRfc2F7pFDXBDvqdRZWITpejIK','2022-05-14 17:28:32','2022-05-14 17:28:33','2022-05-14 17:28:32','Ipsum doloribus qui est a est maiores eligendi dolores adipisci.',NULL),(1001,'Marcel','Boyle','Elna','Rosetta52','592-766-6219','Concepcion.Thompson13@yahoo.com','$2b$10$ksKbnlTXIUHnErwhB.oNLOIKamk2rUhT1B4SxcefyT3BR6dH/oWhq','2022-05-14 17:29:47','2022-05-14 17:29:48','2022-05-14 17:29:47','Distinctio fugit quam vel voluptatem provident illum.',NULL),(1011,'Carole','Willms','Albertha','Destini84','565-313-6936','Tate.Durgan@hotmail.com','$2b$10$nyzF5VkNGUzBK9gxxz01zeFx.aYiTJjUbJvtXNCcCKzTAdeZq21oS','2022-05-14 17:30:11','2022-05-14 17:30:12','2022-05-14 17:30:11','Quisquam qui autem fugiat quia.',NULL),(1021,'Alysha','Green','Elta','Magnus.Botsford88','617-902-0742','Dana1@yahoo.com','$2b$10$3equoCKuPQenjva6BWv/kOn.c2zXhvbVfPFVt2LFf4ZfYnJNFU.l2','2022-05-14 17:30:26','2022-05-14 17:30:27','2022-05-14 17:30:26','Illo et eius nesciunt.',NULL),(1031,'Keegan','Botsford','Jazmin','Domenick.Walker','396-880-9395','Elroy.Lehner@yahoo.com','$2b$10$8xuOTBrSEMJGIJaH53tJOePqlNz6N2gQwon7C.kwQdfBkA1XSGcOO','2022-05-14 17:30:27','2022-05-14 17:30:27','2022-05-14 17:30:27','Voluptatum non fuga facere eaque nihil nihil aperiam nemo voluptatem.',NULL),(1041,'Wanda','Keeling','Angie','Delpha.Bergnaum8','960-842-9258','Leonora42@hotmail.com','$2b$10$UJktrGhZKtgEDUvMtz.FV.JaQKPKm5wovGzVcBWz865WSt9xvGUOW','2022-05-14 17:30:43','2022-05-14 17:30:43','2022-05-14 17:30:43','Voluptate sed reprehenderit est.',NULL),(1051,'Orval','Hagenes','Virginie','Maud33','853-756-8995','Vaughn_Hills@gmail.com','$2b$10$K3ADYqTX4FlWSCSelOMUk.oeV/8vP1dyDUjpFxdYgjkV89OVjjKY.','2022-05-14 17:35:22','2022-05-14 17:35:22','2022-05-14 17:35:22','Et ad enim sint sequi blanditiis reprehenderit.',NULL),(1061,'Nannie','Fay','German','Jaqueline.Metz7','509-819-3639','Orlando.Hyatt64@hotmail.com','$2b$10$ByXqlkb6uxVehyFxrM8iNu9a3n7dtU0H2vg4V45GMg4MTpOe3N/Du','2022-05-14 17:35:23','2022-05-14 17:35:23','2022-05-14 17:35:23','Velit consectetur ut quo sed repellendus.',NULL),(1071,'Tyrique','Goyette','Minnie','Hilda1','978-807-9781','Deon_Bergnaum@hotmail.com','$2b$10$zrNaaEDE.mbZGBK1XwA.aeZob9kEbomx9NngrqSu3szZyI091frwy','2022-05-14 17:35:25','2022-05-14 17:35:25','2022-05-14 17:35:25','Aut dolores molestiae sed libero omnis non.',NULL),(1081,'Rashad','Towne','Leatha','Garfield.Sanford','250-246-6070','Ottilie68@hotmail.com','$2b$10$bfTh6pvwAd1eve3q4FdmnuDlKDRCx5fD9ZlFly9.U.LTa0OdkQW82','2022-05-14 17:35:26','2022-05-14 17:35:27','2022-05-14 17:35:26','Enim eum veritatis.',NULL),(1091,'Jacinto','Lynch','Rafael','Ebony_Langworth','756-463-1584','Felicity_Anderson@hotmail.com','$2b$10$6SWBY9aJWQs/D5nMvHy2e.0m5akp4KKKWku9lsjCM2x4Q0/9RupIy','2022-05-14 17:35:57','2022-05-14 17:35:58','2022-05-14 17:35:57','Ex possimus ut maiores molestiae vel alias.',NULL),(1101,'Kirk','Hamill','Luis','Malinda16','583-474-2765','Antone_Moore81@hotmail.com','$2b$10$blJFfVN.eiYflMcbvy596eRUaMDLm0d8PWOhOE7N0w4dRD9YIW5mi','2022-05-14 17:35:58','2022-05-14 17:35:59','2022-05-14 17:35:58','Non est quia reiciendis consequuntur aut laboriosam laboriosam est est.',NULL),(1111,'Dante','Koepp','Greg','Virgil_Gibson55','814-353-3168','Eulalia_Gislason@hotmail.com','$2b$10$tBRXHhZv907.vnm48Zjxe.FnWvJM7fW8qz3tV06JrhJW3k7lwOmCe','2022-05-14 17:37:50','2022-05-14 17:37:51','2022-05-14 17:37:50','Et nam cupiditate voluptatem.',NULL),(1121,'Casandra','Ebert','Deondre','Philip.Lynch39','559-423-2133','Kylie_Morar11@gmail.com','$2b$10$xeXIYATaUOrA4QEfiL8wYeDQpV0155.LkDX.x8JiRIE8v4U/sqGXq','2022-05-14 17:37:51','2022-05-14 17:37:52','2022-05-14 17:37:51','Itaque magnam totam expedita velit.',NULL),(1131,'Tierra','Quigley','Hal','Sibyl_Langworth','918-329-4125','Elouise_Wilkinson73@hotmail.com','$2b$10$cMNJWFt86JcQmHNfHhLM6eb6dhWK.Zzbz/QANV2YkeMs5CSJHexa2','2022-05-14 17:40:44','2022-05-14 17:40:44','2022-05-14 17:40:44','Quaerat vel dolores quod voluptas et.',NULL),(1141,'Stefan','Jenkins','Crystel','Dorris9','934-592-5677','Ahmad_McCullough@gmail.com','$2b$10$GMub5izycWaYyM.lHs8MH.edD/y6JICU/tU8VIU809qOnuf.TVNt.','2022-05-14 17:40:45','2022-05-14 17:40:45','2022-05-14 17:40:45','Minus atque perferendis rerum sint neque et earum sunt omnis.',NULL),(1151,'Nola','Padberg','Jake','Richard.Gottlieb38','272-465-8924','Jalen.Hirthe93@gmail.com','$2b$10$mv1AIru/pwARzpODMQLq3OP79jfos/RpB5ScPhOmwdQitsl2QWUKS','2022-05-14 17:41:20','2022-05-14 17:41:20','2022-05-14 17:41:20','Dolorem nam quia.',NULL),(1161,'Amira','Runolfsdottir','Milan','Frieda67','907-450-3023','Rosendo.Auer37@yahoo.com','$2b$10$e11EKx/NX1hn29/p3RxtFeRW/0/gvhBD7cKoUKuAXjEhp1hlppJLK','2022-05-14 17:41:21','2022-05-14 17:41:21','2022-05-14 17:41:21','Quia velit nisi quia at sit tempora quia consequatur.',NULL),(1171,'Conrad','Roberts','Wilber','Mariela.Weber','690-639-1338','Ian17@yahoo.com','$2b$10$BgN7zwRpogjgXJoBbNWzoOH5l/Kn7pL938dWoTwEeYZLjLW8Kgpfq','2022-05-14 17:58:21','2022-05-14 17:58:22','2022-05-14 17:58:21','Nesciunt rerum voluptates dicta.',NULL),(1181,'Alfonzo','Gutmann','Jeromy','Penelope88','615-434-2188','Jonathon69@yahoo.com','$2b$10$aIDkxKUIT9xGSbNVnZsDRO5oLPuXPPWqXyW5k08YbCY6Iava139Fe','2022-05-14 17:58:23','2022-05-14 17:58:24','2022-05-14 17:58:23','Sed animi rerum nesciunt quidem.',NULL),(1191,'Tyrel','Ryan','Mya','Nicolas_Pfannerstill93','901-698-5246','Alexandria82@gmail.com','$2b$10$4Kwd4BIdG42ofEFRfJf1sO1H69O8wuw19B0P9j2R2WrQxp59UA1xG','2022-05-14 18:16:58','2022-05-14 18:16:58','2022-05-14 18:16:58','Sint sunt quasi ullam asperiores.',NULL),(1201,'Ruby','Adams','Carley','Columbus.Feest','586-600-1606','Rosie.Christiansen77@gmail.com','$2b$10$k46ixFFTMT.6IyoMiG.xK.XdnhE0roEOwqoIi/AnL6nErtcIDiAh2','2022-05-14 18:17:45','2022-05-14 18:17:45','2022-05-14 18:17:45','Fuga laborum ut dolor quia suscipit eos dicta beatae voluptates.',NULL),(1211,'Connie','Daugherty','Jayda','Jakob.Hoeger','490-801-8430','Telly.Simonis@gmail.com','$2b$10$D2uMo8tX3CYoAb3P0pGqG./CAjjK0Hb6M0ev8/fW8krW3iVGDshWa','2022-05-14 18:17:46','2022-05-14 18:17:46','2022-05-14 18:17:46','Autem sapiente quas expedita aut et.',NULL),(1221,'Hermina','Brekke','Omari','Alexane98','843-543-9705','Remington.Kub28@yahoo.com','$2b$10$sQ5hA/50fBxC77orYQUhcOPfAGQpwF1odmRnHELHydnGQs/O8yXDm','2022-05-14 18:32:23','2022-05-14 18:32:23','2022-05-14 18:32:23','Quia unde beatae.',NULL),(1231,'Eudora','Doyle','Domenica','Trinity_Casper','287-631-6346','Shad3@yahoo.com','$2b$10$m4Zf8Q57R/ltTiBVYAhtLuuH7z6EfByZ2XNJrgqhhcLFj/rtoQGQ.','2022-05-14 18:32:24','2022-05-14 18:32:25','2022-05-14 18:32:24','Recusandae id aliquam nobis qui est est beatae quaerat reprehenderit.',NULL),(1241,'Anika','Walter','Leonie','Jared3','910-939-1753','Alice.Hoppe43@yahoo.com','$2b$10$kYKhOWoHb3jmH0B2O6m.ku3I/4p50srjgrhIxDXjRIyJQAhMozSTC','2022-05-14 18:36:20','2022-05-14 18:36:20','2022-05-14 18:36:20','Fugiat ut eos hic.',NULL),(1251,'Luella','Maggio','Peter','Ramon_Kuhic50','840-647-3349','Claude61@gmail.com','$2b$10$kuee79oPd7bGUOjndwXZoOzsO0GGSM6ctFAQ99Akxm/SUbif2l2VG','2022-05-14 18:36:21','2022-05-14 18:36:22','2022-05-14 18:36:21','Repellat perspiciatis voluptas dignissimos quod molestiae aut ullam.',NULL),(1261,'Cordell','Cremin','Darian','Zack_Wilderman','746-523-5486','Jade.Daniel70@hotmail.com','$2b$10$5Ujax//Mk8AkuUzhu0r8qOKuTzxHNDgjUjB08yENoaAL.3ih1hVMi','2022-05-14 18:36:52','2022-05-14 18:36:53','2022-05-14 18:36:52','Quia fugiat nisi et ex.',NULL),(1271,'Rachael','Lueilwitz','Barton','Fern_Prosacco54','535-678-7630','Devante50@gmail.com','$2b$10$fVrIaTmSpeoPS2lMuiZgfOru6EbmifQPDDwQxFxdzb3caTHIh8Fqe','2022-05-14 18:36:53','2022-05-14 18:36:54','2022-05-14 18:36:53','Minima ut tenetur officia accusantium qui ullam maxime ipsa.',NULL),(1281,'Jazlyn','Roberts','Agnes','Hilda_Weissnat18','409-419-2580','Delores.Lemke90@yahoo.com','$2b$10$i6hQtJ2OmqpnDA4KOdEac.K/PWPCi7TF/rV3hIYct2GuCQhdD0l0K','2022-05-14 18:37:06','2022-05-14 18:37:07','2022-05-14 18:37:06','Quas quo mollitia.',NULL),(1291,'Sabina','Olson','Kelsi','Leila83','952-268-7453','Jennyfer.Hettinger38@yahoo.com','$2b$10$jr2Fm8XBe8/IPc2vE1WPOejTr3bLjiQf3wOM4geFppxP7nF5tl7G6','2022-05-14 18:37:08','2022-05-14 18:37:09','2022-05-14 18:37:08','Vel doloremque et quaerat officia vitae a et enim molestiae.',NULL),(1301,'Rosalia','Schultz','Wilfrid','Frederik55','645-832-4742','Estrella_Emard@gmail.com','$2b$10$vtJNJrKbEPIbbCz5qX0IbOXPL.7drmnYLuKjtXW5VUmepQ6TxHgH2','2022-05-14 18:48:00','2022-05-14 18:48:00','2022-05-14 18:48:00','Est et officiis veritatis sunt.',NULL),(1311,'Hyman','Rohan','Whitney','Yazmin.Lubowitz','768-410-1558','Barney.Mitchell@hotmail.com','$2b$10$5i3ngYEF8Rz6SPOsX0hbiOiEv/Ay4TOu7mJkUOeCf1XXKOx6hUase','2022-05-14 18:48:01','2022-05-14 18:48:01','2022-05-14 18:48:01','Harum voluptatem rerum.',NULL),(1321,'Hobart','Hahn','Brain','Woodrow.Crooks','303-306-5895','Duane70@yahoo.com','$2b$10$ar6rk8q3W5ZFRBj5jzKimefkT4up/hlJ10IeB8/Srq.I6Kw.7sb.O','2022-05-14 18:49:07','2022-05-14 18:49:07','2022-05-14 18:49:07','Accusantium in sapiente nulla.',NULL),(1331,'Jayce','Hirthe','Janessa','Kiera23','494-532-9148','Fausto.Mitchell@yahoo.com','$2b$10$/wky4WEFb7Jyni7iSDMq5e4NBc4QHzgrdNQ6ACgK4COOyhKHBDj6i','2022-05-14 18:49:08','2022-05-14 18:49:08','2022-05-14 18:49:08','Natus reiciendis dolores.',NULL),(1341,'Kaelyn','Gleason','Heaven','Darren85','629-769-7620','Tania_Quigley88@gmail.com','$2b$10$0i7snTnQoVNvrHiLXA8pEOv7vmfpGoYmiRv2fSyAh7i5vcJTmhTpm','2022-05-15 14:40:16','2022-05-15 14:40:17','2022-05-15 14:40:16','Est ad mollitia accusantium sequi placeat nihil nemo doloribus assumenda.',NULL),(1351,'Luigi','Wehner','Elyssa','Florence_Kunze1','463-633-0007','Jamaal79@yahoo.com','$2b$10$lzSREOUwLKhqw1al/g2aGeEf8yo0l2L9PQLanyhaZLYtbWZZ95pVi','2022-05-15 14:40:17','2022-05-15 14:40:18','2022-05-15 14:40:17','Et deleniti doloremque.',NULL),(1361,'Miles','Weissnat','Jeremy','Ibrahim_Rutherford89','765-604-6099','Angelina.Vandervort@gmail.com','$2b$10$ahag9EVgoZNNJg/7pCJA7OWf133Skcv8HjLMTuOkUNj0cW4.hyZiW','2022-05-15 14:40:38','2022-05-15 14:40:38','2022-05-15 14:40:38','Commodi incidunt qui.',NULL),(1371,'Jon','Cruickshank','Zoie','Stacy.Goodwin','970-804-6192','Gwen.Hagenes@yahoo.com','$2b$10$hfXOw/Vk5clLvTuqLAJMU.We/Vqx7c/9sU34u/0nCgSBfAScmGFQy','2022-05-15 14:40:39','2022-05-15 14:40:39','2022-05-15 14:40:39','Ut perferendis numquam ut asperiores.',NULL),(1381,'Durward','Thiel','Adolph','Carlos_Sipes','659-946-4571','Richard.Thiel@yahoo.com','$2b$10$ybC/xK8x4OCY29fl9cTiE.sxhekk7f48fxyNZX1o5R5IFt/awkOl2','2022-05-15 14:40:47','2022-05-15 14:40:47','2022-05-15 14:40:47','Odit placeat voluptates earum corrupti nulla aliquam.',NULL),(1391,'Yasmeen','Kozey','Tess','Jerel_Parker','506-724-3330','Coy_Breitenberg@gmail.com','$2b$10$cJ6xuCwDQCNaVzuEXXzBkeA8M.XM2.Bic6Sp/BRQ.MEyuseHjaaoa','2022-05-15 14:40:48','2022-05-15 14:40:48','2022-05-15 14:40:48','Sed dolores fuga asperiores et.',NULL),(1401,'Sonia','Gutmann','Jordi','Christopher.Prohaska','391-452-5707','Otha1@hotmail.com','$2b$10$xEhHbhL81lY/rXQ5S23yWOiR9.2TASjVOq/WmpdgxvKAQGtzqFCWa','2022-05-15 14:41:12','2022-05-15 14:41:13','2022-05-15 14:41:12','In facilis quia voluptatem magnam atque magni quaerat.',NULL),(1411,'Joelle','Brakus','Quinton','Gregorio17','444-430-9677','Rebecca_Wyman81@yahoo.com','$2b$10$5Os4h8JLMnbeIFGDESXsvOxeuo6gPHBSrnx7XU7oELWNdFbLMy5zG','2022-05-15 14:41:13','2022-05-15 14:41:14','2022-05-15 14:41:13','Nihil inventore dolorem deleniti eligendi repellat aspernatur dolores magnam.',NULL),(1421,'Brandy','Marks','Billy','Ellen53','449-214-7730','Lavonne_Cummings30@gmail.com','$2b$10$GY20FC6AXs0scThpKrjKSOEeoMxsLbyIBGVWaMj/bNPEFvZvmXqCO','2022-05-15 14:41:58','2022-05-15 14:41:59','2022-05-15 14:41:58','Quam quis voluptatem tempora.',NULL),(1431,'Haskell','Schowalter','Cooper','Damian95','516-866-7773','Frederique4@yahoo.com','$2b$10$RhNxGwaTjPcyLQVyTbStJuWcm7i7D11TkXr65hwYTTgbGQL1dKUdi','2022-05-15 14:41:59','2022-05-15 14:41:59','2022-05-15 14:41:59','Ipsum velit saepe ut voluptatem accusamus sapiente impedit.',NULL),(1441,'Shawna','Rolfson','Bradly','Jaime_Kertzmann','262-761-3814','Alanna.Hodkiewicz@gmail.com','$2b$10$JPPjnHSQ1X2wkGWDJhREXOlLtMy8zxNg0sf9oB7x6HFLDTrHUsGpG','2022-05-15 15:15:29','2022-05-15 15:15:29','2022-05-15 15:15:29','Unde error qui omnis.',NULL),(1451,'Oma','Rippin','Enoch','Monique_Schuppe41','324-656-6742','Remington.Schmeler@hotmail.com','$2b$10$SfRPMFry.HPS222V0UEoM.ShOKRgI6qXB4Tkvw2ba0f7/SNl/1E42','2022-05-15 15:15:30','2022-05-15 15:15:30','2022-05-15 15:15:30','Ipsum fugit suscipit harum.',NULL),(1461,'Gilbert','Kub','Veronica','Denis_Simonis30','239-323-8017','Stephania85@yahoo.com','$2b$10$3sBk6cM1LERge3c.GhamQegyEhjafXcFBWFx5kJSy9wPTdoNHJ5R.','2022-05-15 15:15:31','2022-05-15 15:15:31','2022-05-15 15:15:31','Totam magnam suscipit beatae debitis impedit.',NULL),(1471,'Brigitte','Bailey','Cameron','Frederik_Ritchie64','887-966-9995','Reynold_Funk85@hotmail.com','$2b$10$/B4ltKYYqZubz4sD8BO5xu4IdsYSQQkO4QQquoaFI43Z1AZ0zFgXq','2022-05-15 15:38:07','2022-05-15 15:38:08','2022-05-15 15:38:07','Culpa id suscipit et voluptates inventore.',NULL),(1481,'Whitney','Wuckert','Johan','Narciso.Ullrich24','347-902-6442','Janessa50@yahoo.com','$2b$10$R6fVo6k61hhhMmkL15hXQOd.FBtwtMu5TmJ/c/DHrAf8k7Go0CaE2','2022-05-15 15:38:09','2022-05-15 15:38:09','2022-05-15 15:38:09','Eum quo quidem maxime qui.',NULL),(1491,'Valentin','Wiegand','Jacklyn','Guiseppe49','365-410-3565','Lonnie.Heathcote16@yahoo.com','$2b$10$WsSBDNiKw/HO9VJLfAdLTuaFEYf1ZwMhJ9fB0t1wWfUU/UZPkEzIC','2022-05-15 15:38:09','2022-05-15 15:38:10','2022-05-15 15:38:09','Tempora aut consequatur saepe iste provident officiis accusamus nihil quis.',NULL),(1501,'Ladarius','Hintz','Elroy','Lina32','222-382-8140','Lavon59@hotmail.com','$2b$10$KHf4L62rIBeMPlJ0yBHE3uyOGaa4RBLmAOHBahWNSCgqmitbN5JCC','2022-05-15 16:00:26','2022-05-15 16:00:27','2022-05-15 16:00:26','Explicabo quis non voluptates tempora mollitia totam debitis et.',NULL),(1511,'Reagan','Bins','Sierra','Maida_Flatley','373-689-0978','Tatum_Boehm@gmail.com','$2b$10$roeNFngtdX5yyXNd8c1fTu4CGrCQYE1kWDN4XSHj/9l7W3WR919Q.','2022-05-15 16:00:28','2022-05-15 16:00:28','2022-05-15 16:00:28','Rerum et consequatur sint voluptatem et odio illo praesentium.',NULL),(1521,'Laurine','Kshlerin','Lindsay','Preston.Russel25','320-853-0018','Orrin78@yahoo.com','$2b$10$Lc1XMg72xYQrPnE/bo0bN.qA3XznT.iQxXySB4MXkd0fqD8/EuJ0e','2022-05-15 16:00:29','2022-05-15 16:00:29','2022-05-15 16:00:29','Unde reiciendis modi recusandae quas corrupti.',NULL),(1531,'Augusta','Walker','Marjolaine','Belle50','307-321-4772','Kayli.Leannon71@yahoo.com','$2b$10$O1/eyz9crdS9FpQH95.0sOhA/Mp/wvUa9pXGcdJAYIjJ0vAK3vtrK','2022-05-15 16:01:18','2022-05-15 16:01:19','2022-05-15 16:01:18','Et nobis nihil distinctio est.',NULL),(1541,'Price','Wolf','Elisabeth','Santino_Feest28','403-405-8802','Elmer16@gmail.com','$2b$10$O3rvHeYySw1AfSWOe9BuJe9j0y/JyYWAwjy4t0BHzzpjEYEIWBZLm','2022-05-15 16:01:19','2022-05-15 16:01:19','2022-05-15 16:01:19','Molestiae atque mollitia non.',NULL),(1551,'Alexander','Bailey','Lola','Percival.Ziemann1','577-568-9037','Hobart12@gmail.com','$2b$10$s3RN7x4Y0oNm0HmHo99Q5OrpSCuKyAQRkJoM41f86GCivp5GEbNfa','2022-05-15 16:01:20','2022-05-15 16:01:20','2022-05-15 16:01:20','Iusto dolorum assumenda ipsa tenetur.',NULL),(1561,'Jewell','Braun','Clemens','Hannah_Carter','392-438-7439','Maxine_Stokes@yahoo.com','$2b$10$cv9he6MpusTMmPa8lFmLXuu5h3EeEmHmT1q18UtGSG4BevCF1G5Ye','2022-05-15 16:01:21','2022-05-15 16:01:21','2022-05-15 16:01:21','Laborum ratione odit et aliquam consectetur quia molestias qui.',NULL),(1571,'Una','Barrows','Shyanne','Evans_Feil','431-282-8658','Alaina.Prohaska@gmail.com','$2b$10$ZptKwLR5e/k7CYe0.zDnU.Rc.tN0fVjOkJ/lpODB47sPZGB/7.b.q','2022-05-15 16:03:13','2022-05-15 16:03:14','2022-05-15 16:03:13','Sint illo qui.',NULL),(1581,'Michaela','VonRueden','Fredrick','Marshall_Herman','202-466-1334','Kennedi14@yahoo.com','$2b$10$U09PGwi2t.e6j/.ayqy/D.KvkejTj/Ypb21k2iKRbPAq9SLNAmzJ2','2022-05-15 16:03:14','2022-05-15 16:03:15','2022-05-15 16:03:14','Dolor ullam iure repudiandae odit omnis velit voluptatem.',NULL),(1591,'Lane','Beier','Flavio','Omari_King','581-414-8521','Loyce_Kovacek@yahoo.com','$2b$10$raFqXhyKRi85UpPesrKg3eq/Rx8SAxLyuR9cz4crcWBhzbntAN7Xu','2022-05-15 16:03:15','2022-05-15 16:03:16','2022-05-15 16:03:15','Vel harum non quisquam ut voluptatibus.',NULL),(1601,'Julia','Haley','Tate','Dedrick_Schiller','791-864-5475','Zoie78@yahoo.com','$2b$10$TceeNTIb5Svpa/UyVh82HO/2NburtnNsoLG8p.Y.6/WzkAxDwziWy','2022-05-15 16:03:16','2022-05-15 16:03:17','2022-05-15 16:03:16','Qui mollitia sint excepturi.',NULL),(1611,'Martina','Jakubowski','Quinton','Yazmin64','580-839-9098','Rigoberto88@gmail.com','$2b$10$SzjTaDYZXEHK.Bn2oca5NO2HIK3gprwKjrfpBsPZ0EJqv/mujmiUW','2022-05-15 16:10:06','2022-05-15 16:10:06','2022-05-15 16:10:06','Assumenda consequatur praesentium maiores.',NULL),(1621,'Bradley','Murray','Cecil','Malika78','510-505-9838','Percival_Okuneva@yahoo.com','$2b$10$x5nTw/QxMTbDtuikEWbvC.1VN2j6agCWDUAyVe2gmWLiVgu7x6pwq','2022-05-15 16:10:07','2022-05-15 16:10:07','2022-05-15 16:10:07','Alias qui magnam omnis eligendi adipisci.',NULL),(1631,'Charlie','Kulas','Katrine','Mose.Daniel63','751-316-2164','Marcia_Cassin75@gmail.com','$2b$10$lwjMqb.TOuKvhSUerkA4PO0d5b0CTMMFR0f1iQnXSX2L6W4BKyVAu','2022-05-15 16:10:08','2022-05-15 16:10:08','2022-05-15 16:10:08','Aliquam facere incidunt fugit odit necessitatibus.',NULL),(1641,'Lennie','Huels','Michaela','Nick34','602-543-4056','Letitia.Erdman@hotmail.com','$2b$10$GggOQeifp2t7Dp/Jt4Mp8.YFE0XMXgVhNIdnHF31r216.A4dl/m0O','2022-05-15 16:10:09','2022-05-15 16:10:09','2022-05-15 16:10:09','Et nam rerum eos reprehenderit voluptas modi ut molestiae voluptas.',NULL),(1651,'Nedra','D\'Amore','Fritz','Kim.Dickinson','297-205-2467','Adaline_Zulauf@yahoo.com','$2b$10$9pePYyx5xti2kbR6jZQUee03UDOsJaU2OpQ4JChfmtC3EwFOHD2cu','2022-05-15 16:10:09','2022-05-15 16:10:10','2022-05-15 16:10:09','Deleniti magni aut laboriosam ipsa eos.',NULL),(1661,'Reagan','Padberg','Austen','Kaitlyn46','511-977-1705','Jerome70@yahoo.com','$2b$10$K3.92KZJZxx/H4L3ZnCQ8uYOyv1XNOI0pkGHTbC2XZMCcJk.Ou2l6','2022-05-15 16:10:10','2022-05-15 16:10:11','2022-05-15 16:10:10','Eum magnam quaerat ut eum et inventore eum.',NULL),(1671,'Noelia','Marvin','Jadyn','Isabell.Fritsch71','633-667-5038','Ansley_Kemmer40@yahoo.com','$2b$10$uCV/l5waLjauEHxBGN8jDOjX2WpHIVtYy0noptNNL5ISwb3JswIyO','2022-05-15 16:10:55','2022-05-15 16:10:56','2022-05-15 16:10:55','Beatae rerum possimus qui ad expedita in voluptas quae.',NULL),(1681,'Keeley','Bartoletti','Cristina','Kole.Luettgen18','737-622-4976','Felton_Rutherford@hotmail.com','$2b$10$Zp4GPPhZWgnLnBTpYAH88.kd2MA506mjYz4J3yLYi4agMdQRtgOQ.','2022-05-15 16:10:57','2022-05-15 16:10:57','2022-05-15 16:10:57','Inventore quibusdam eos qui est atque.',NULL),(1691,'Winnifred','Fisher','Ashley','Brittany96','931-214-3333','Tressa.Walsh@gmail.com','$2b$10$s.Xijo3CpXzyAHQOp14bwehs5gkZ8ic8GHezwmZsa0jpoVdSgh57W','2022-05-15 16:10:57','2022-05-15 16:10:58','2022-05-15 16:10:57','Eos iste et nam fugit.',NULL),(1701,'Winona','McCullough','Aileen','Bernice_Keebler','759-273-6043','Burnice.Terry65@yahoo.com','$2b$10$e0PzIbR6a0zA8UylfJxIFOxmORqlcjQBqb3JQXI4y.Wt/CaZ5lD/S','2022-05-15 16:10:58','2022-05-15 16:10:59','2022-05-15 16:10:58','Possimus repellendus aut quaerat voluptatibus vitae dolorem perspiciatis totam quas.',NULL),(1711,'Melisa','Miller','Hilma','Gerson.Dicki55','514-858-3116','Brannon30@yahoo.com','$2b$10$s.jCG1JVX/DKgEHaxEniYOqeNQid3/fBvl8c1Na95Gffuv7D/0wrC','2022-05-15 16:10:59','2022-05-15 16:11:00','2022-05-15 16:10:59','Autem deleniti et dolorem culpa voluptas aspernatur impedit est accusantium.',NULL),(1721,'Madilyn','Reichel','Jada','Curt.Auer','429-593-3209','Wilfred_Koch@hotmail.com','$2b$10$V1wNVQTXj2gk5cyIwPGFXeUaerMNwWrAGDELUtljDYcX65YrqhhI2','2022-05-15 16:11:00','2022-05-15 16:11:00','2022-05-15 16:11:00','Architecto eos consequuntur illo eos temporibus cumque non sapiente.',NULL),(1731,'Reese','Schumm','Camilla','Norene_Leuschke65','765-675-6948','Malika83@yahoo.com','$2b$10$DgqhB0HCSaDz3D819dPNo.2ZXrNpWa/IsmiKoq.8XOD8st6niMUH6','2022-05-15 16:12:56','2022-05-15 16:12:57','2022-05-15 16:12:56','Hic molestias repellat.',NULL),(1741,'Deron','Denesik','Logan','Arjun.Maggio','448-997-3490','Georgette33@gmail.com','$2b$10$djOq.S1XB1XzfGneWfyDn.V5CP/8yGXx8v3/xPoZYhAt9jSaIBlj6','2022-05-15 16:12:58','2022-05-15 16:12:58','2022-05-15 16:12:58','Doloribus praesentium dolorum voluptas esse consequatur assumenda quia consectetur occaecati.',NULL),(1751,'Rachael','Hahn','Aubree','Sandrine.Ziemann','616-297-7523','Jayce_Flatley@gmail.com','$2b$10$Cba9ENVNZ/X/YjHdQ2nV9O2VbrnoeXryCORZSJ8DT9ahkOFZ/rmBG','2022-05-15 16:12:59','2022-05-15 16:12:59','2022-05-15 16:12:59','Inventore vitae rerum error optio adipisci tempora deleniti.',NULL),(1761,'Melissa','Schmitt','Giovani','Fred.Huel','246-471-4962','Riley_Ferry@yahoo.com','$2b$10$b5V8fZ0qCIsM6c3xfzJkF.jtHrbFFHhqLwg1IBNxVmrqZzZ7E3ng.','2022-05-15 16:13:00','2022-05-15 16:13:00','2022-05-15 16:13:00','Alias ratione quod dolores facilis rerum.',NULL),(1771,'Maxime','Doyle','Donald','Luis.Collier27','879-925-0112','Jerod.Spinka55@hotmail.com','$2b$10$veMad.dg3VURO5VZ1hfcieGxWzmJo2QA1jyVxRPLYfnq3jQtmmhIW','2022-05-15 16:13:00','2022-05-15 16:13:01','2022-05-15 16:13:00','Possimus ut molestias itaque.',NULL),(1781,'Foster','Wisozk','Bonita','Zelda49','982-698-1558','Antonette_Kutch@yahoo.com','$2b$10$N4FvGx.Ha9fDiUXh39h5f.GXvQ8Q1QaZ1BXc4Z.D3g5f03k/3R/iG','2022-05-15 16:13:01','2022-05-15 16:13:02','2022-05-15 16:13:01','Eum earum nihil odio sit minus.',NULL),(1791,'Malvina','Hodkiewicz','Elbert','Leonora53','851-899-3711','Mckenna.Shields56@yahoo.com','$2b$10$WKzAHu4Vjb70.umeCPP/k.K3LNXSYmGnUBLlyCaznZfdc6rtfgaYK','2022-05-15 16:31:15','2022-05-15 16:31:15','2022-05-15 16:31:15','Delectus libero vel sit voluptatem consequuntur corporis consequatur.',NULL),(1801,'Kenyatta','McDermott','Jacklyn','Ernestina.Zieme65','518-812-7930','Everardo_Kling@hotmail.com','$2b$10$6JlcmDPQV0MZIbY/e8ciou7sioyNAX6ujOy/oSMgtxVxGra3J81k2','2022-05-15 16:31:16','2022-05-15 16:31:16','2022-05-15 16:31:16','Deserunt quis mollitia id odio iusto.',NULL),(1811,'Ayana','Kshlerin','Kevon','Rosendo58','761-912-8990','Waylon.Greenholt@gmail.com','$2b$10$FGvi0Q5jLeOuyp7DW6i5zePLsWNWGq33vjIM7emPDDTdklkp.iLXK','2022-05-15 16:31:17','2022-05-15 16:31:17','2022-05-15 16:31:17','Quas quo est quia.',NULL),(1821,'Graham','Walsh','Priscilla','Wayne90','661-824-3970','Therese60@yahoo.com','$2b$10$z3yiEzLtGWGhViWl3ksiNeDS/J9k92/i4TsLp709ikVmdWAsoisd6','2022-05-15 16:31:18','2022-05-15 16:31:18','2022-05-15 16:31:18','Non veritatis provident voluptas consectetur aut veritatis rerum.',NULL),(1831,'Emery','Wehner','Liza','Geovanny48','203-790-8909','Earl70@yahoo.com','$2b$10$Glv.uCROCOGT9I8zA0LlBujXhgt9m.eMYcvVIumcCfABVI6mUWmW2','2022-05-15 16:31:19','2022-05-15 16:31:19','2022-05-15 16:31:19','Id ex nesciunt numquam repudiandae qui voluptatibus mollitia optio laboriosam.',NULL),(1841,'Kitty','Bins','Kaleb','Akeem_Gleichner29','542-932-0388','Jeanie.Lynch66@gmail.com','$2b$10$.D5XJ9ekeqEAEQ0qOP5JVutdzzSKsJObgyauUSwri9kjTWN5zco2a','2022-05-15 16:31:19','2022-05-15 16:31:20','2022-05-15 16:31:19','Omnis perferendis earum sint.',NULL),(1851,'Emmet','Hayes','Shana','Adrian48','201-775-9808','Kenyon_Bode@yahoo.com','$2b$10$G5pe8jOQA5VT0GmaAy5fh.5VGUykvRVjkesGfm/iWN/y3q8sq9T.e','2022-05-15 16:34:35','2022-05-15 16:34:36','2022-05-15 16:34:35','Quod distinctio omnis ipsum molestiae rerum laudantium recusandae.',NULL),(1861,'Don','Rice','Victoria','Jadyn32','428-845-6443','Guy.OHara@yahoo.com','$2b$10$ags.pYiQ1W0HTz9wYScDjOCN4B4LISTbpQnYTmo6fl008vJwnG5fC','2022-05-15 16:34:38','2022-05-15 16:34:38','2022-05-15 16:34:38','Incidunt consectetur voluptatem et sed vel.',NULL),(1871,'Kaitlyn','Reichel','Gregorio','Lowell.Grant75','626-525-5784','Randi60@gmail.com','$2b$10$Dp/Wx6CJql43hdsln7Qf9enlra/hR6OBbVUPFvxgHgAraNEBTrm9.','2022-05-15 16:34:39','2022-05-15 16:34:39','2022-05-15 16:34:39','Et ea soluta nihil fugiat ut error voluptate nihil maiores.',NULL),(1881,'Einar','Cronin','Pamela','Pauline_Green33','780-783-4037','Chelsea_Champlin16@yahoo.com','$2b$10$PC5bRRVpN46wIeCbA2yiFew5rku2pRnfgi.7StuJ7wcGkY33SEDSW','2022-05-15 16:34:39','2022-05-15 16:34:40','2022-05-15 16:34:39','Et eligendi ab exercitationem molestias magnam dolore vero atque.',NULL),(1891,'Gregoria','Gutmann','Alberta','Salma.Koepp87','431-550-3979','Rex.Daniel91@hotmail.com','$2b$10$oOSyUZz7JWjg/gLLexFdAuXQp270BznhEwajR.T7rdAAIAfanxazm','2022-05-15 16:34:41','2022-05-15 16:34:41','2022-05-15 16:34:41','Et quo adipisci et inventore reiciendis et est.',NULL),(1901,'Aida','Reichert','Shakira','Anita.Goldner','730-929-4527','Rudolph60@yahoo.com','$2b$10$prDuWvYM3x/ylZES/Qs3I.e9XzVIV0RggfhtVN7NZ6.j2hJix8.TK','2022-05-15 16:34:42','2022-05-15 16:34:42','2022-05-15 16:34:42','Quisquam voluptatem rerum expedita.',NULL),(1911,'Rosario','Homenick','Etha','Lew24','718-767-6146','Lexie.Balistreri@hotmail.com','$2b$10$d3vJJBB8AULeYGFQcbTdX.jkm4TjKcf93DsqQILKisQ.j2L2c/nNG','2022-05-15 17:01:13','2022-05-15 17:01:14','2022-05-15 17:01:13','Ad est sit eum animi ratione deserunt qui deleniti quo.',NULL),(1921,'Karlee','Hegmann','Freeda','Macey.Huels','844-671-5951','Rosario.Braun62@yahoo.com','$2b$10$tEOZvTr5uw/1pN.k9ZXg0eNvk1uKufNVQNkDoO/m.JsPpPSzrioQG','2022-05-15 17:01:15','2022-05-15 17:01:16','2022-05-15 17:01:15','Qui odit quia enim culpa consequuntur nihil quidem qui quod.',NULL),(1931,'Madonna','Rodriguez','Zoila','Allie.Oberbrunner','929-202-7832','Margie98@yahoo.com','$2b$10$FET8vOzOXSxqqDbxNtbL3ej9qkr/xS68eCfmGNU4TOfbxu7wi3u3a','2022-05-15 17:01:16','2022-05-15 17:01:16','2022-05-15 17:01:16','Rerum quam eaque molestiae.',NULL),(1941,'Elda','Fahey','Alexane','Santos74','661-214-0205','Stefan19@gmail.com','$2b$10$U3B9fNtSvZJnp1dOclXdFOytwpojlUZraX.eao.LCq9ve7NQbgXGW','2022-05-15 17:01:17','2022-05-15 17:01:18','2022-05-15 17:01:17','Occaecati nihil commodi qui corporis odit architecto.',NULL),(1951,'Cornell','Kerluke','Maureen','Jazlyn28','492-318-3130','Clair54@hotmail.com','$2b$10$OpAKgn7jmxnfLCTiaWa6S.my/tjKiXeBIbihTWfO.WqXUjAwiQBMq','2022-05-15 17:01:19','2022-05-15 17:01:19','2022-05-15 17:01:19','Quia quaerat saepe doloribus rerum.',NULL),(1961,'Eloisa','Wyman','Jayda','Wilmer62','714-226-7145','Isaiah26@hotmail.com','$2b$10$PZrjCjWXj/T1DWzHsEIoa.V0qE3BCvLBy6Perur.83CPPM1jSa4cy','2022-05-15 17:01:20','2022-05-15 17:01:20','2022-05-15 17:01:20','Illum vitae quos quas quis.',NULL),(1971,'Dariana','Jakubowski','Weston','Ludie.Shanahan37','819-789-5160','Bartholome_Fahey@hotmail.com','$2b$10$loEphOgzCKzOgnZYw1i/5u70fWMVMQBBXkYpCyu03QsyEJ.2xSKmq','2022-05-15 17:01:21','2022-05-15 17:01:21','2022-05-15 17:01:21','Natus laborum qui ut fugit.',NULL),(1981,'Antone','Wuckert','Kamryn','Sammy_Koelpin','835-986-8671','Bethel31@gmail.com','$2b$10$yw6G2aePw1APM0Loq.XyVOw/1K70sFe7ZJqvRNavT89bfeaRYFtK2','2022-05-15 17:01:21','2022-05-15 17:01:22','2022-05-15 17:01:21','Ea ipsum quos ea voluptas soluta occaecati dolorem eos aut.',NULL),(1991,'Jody','Hauck','Milo','Virgil46','372-319-8653','Milford_Koelpin98@hotmail.com','$2b$10$KSP2YsArPaIByp3mdzDUf.bW1KyGvSsFIJSVr4mrcGfw6IXxuEZZO','2022-05-15 17:10:17','2022-05-15 17:10:17','2022-05-15 17:10:17','Quae sit ullam harum fuga debitis minus sed eaque.',NULL),(2001,'Laurine','Kshlerin','Ralph','Jalyn_Johns41','769-535-5669','Macy25@yahoo.com','$2b$10$tOr9DgPBKB/UsYcfEgwVleZJr5eLBKTaS8f3OpggmepfIU6LNAF46','2022-05-15 17:10:18','2022-05-15 17:10:18','2022-05-15 17:10:18','Dolore quos est rerum sit enim est.',NULL),(2011,'Audie','Stiedemann','Geoffrey','Reese_Schroeder37','812-283-1364','Verona.Bergstrom@gmail.com','$2b$10$n9lFNwnDtNTwz/eeBSWvP.gt9X2AQUccD9TpFhV/YPXak7qh2hrea','2022-05-15 17:10:19','2022-05-15 17:10:19','2022-05-15 17:10:19','Minus voluptates qui enim et soluta.',NULL),(2021,'Reginald','Kautzer','Lorena','Forrest_Maggio79','696-596-4472','Colleen.Heidenreich@hotmail.com','$2b$10$2pe0cVFdnEwg.nIYnlMIgenB1LrdinKqb9IafdgorgYOD2PdFS7wa','2022-05-15 17:10:20','2022-05-15 17:10:20','2022-05-15 17:10:20','Non laudantium id eum similique temporibus nobis.',NULL),(2031,'Palma','Bailey','Maegan','Carolyne.Wilderman','646-633-7849','Franz_Schroeder89@yahoo.com','$2b$10$rBAiaWDvzawhbQZJf1N6JufnO3l0DnPcvEHOsoHWT0XmO/M8w0ORS','2022-05-15 17:10:21','2022-05-15 17:10:21','2022-05-15 17:10:21','Vel expedita culpa.',NULL),(2041,'Ralph','Walsh','Emerald','Mia59','992-406-5841','Dulce.Kemmer@hotmail.com','$2b$10$j5hY.bVv4rZZHXF.uwweLu82kM/gF5ZI958sB28Bxb0CK.YRDrh3W','2022-05-15 17:10:22','2022-05-15 17:10:23','2022-05-15 17:10:22','Ut voluptatem vel est qui in nihil autem.',NULL),(2051,'Kirstin','Kirlin','Sister','Torrance_Larson','754-732-3891','Christa.Senger@gmail.com','$2b$10$XAsrFxbhbJyd3egw8xyElujsY0IO/eX49RBconVBsnTNkrVZRq/3O','2022-05-15 17:10:23','2022-05-15 17:10:24','2022-05-15 17:10:23','Dolorem dolorum repellat vitae enim.',NULL),(2061,'Omari','Raynor','Ashly','Helga_Maggio59','288-889-4270','Shanelle95@hotmail.com','$2b$10$m4sJknkA4dR8SCNilM3EbuowkKuHqD3LJy2j3KvSrlgsXP24UOKE.','2022-05-15 17:10:24','2022-05-15 17:10:25','2022-05-15 17:10:24','Ipsa eum sit nihil et et enim rem.',NULL),(2071,'Evan','Schowalter','Lexie','Waldo68','519-598-0143','Verona28@yahoo.com','$2b$10$PjtdKhy3sgHj5c9IIwOd4eFrd5vCjZytuy3r8MAKhQQlYi/ibgV4.','2022-05-15 17:11:45','2022-05-15 17:11:46','2022-05-15 17:11:45','Voluptatem iusto provident.',NULL),(2081,'Ellen','Olson','Araceli','Rocky7','265-622-5568','Pearlie_Pollich@hotmail.com','$2b$10$.h6BBg62NKhx2zYrdFDH.e2YDX3zAE2xs5kFuoEnxqrFiJJ6Qjgpa','2022-05-15 17:11:47','2022-05-15 17:11:47','2022-05-15 17:11:47','A excepturi vero sed iure quis.',NULL),(2091,'Jasmin','Ondricka','Hallie','Charlene19','528-459-0534','Prince.Beer@yahoo.com','$2b$10$b58vSG1Q74zXfHFbYY4Cl.8FNyRdcv1TEfusjHfyyEgSODwMNxVJW','2022-05-15 17:11:50','2022-05-15 17:11:51','2022-05-15 17:11:50','Consequatur pariatur est unde et aut.',NULL),(2101,'Rosella','Price','Hester','Kristy6','280-332-8883','Jordane42@yahoo.com','$2b$10$vItwlA9Kk.TMHnv2hThvi.l2kMoOd0nGVqePf6xxpxKAZw5D4CHyO','2022-05-15 17:11:51','2022-05-15 17:11:52','2022-05-15 17:11:51','Vitae et cumque eligendi qui.',NULL),(2111,'Cristobal','Abshire','Madeline','Leslie49','671-809-2072','Mathias_Daugherty@hotmail.com','$2b$10$w3h4Ed1TnAUJFl6VuiN36.YEEb3iCsc9uid8TlqQYlP6Rc9dtSAVe','2022-05-15 17:11:52','2022-05-15 17:11:53','2022-05-15 17:11:52','Accusamus delectus et ducimus rerum eius harum sapiente qui dolorem.',NULL),(2121,'Reba','Gibson','Cassie','Hans_Bins','716-943-7052','Rebecca25@hotmail.com','$2b$10$AiN7wD4XYAwEpzKAjZmJKOeXh5rAxPT3LMmPdL0MX8DCIypMupOUa','2022-05-15 17:11:53','2022-05-15 17:11:53','2022-05-15 17:11:53','Temporibus modi rerum.',NULL),(2131,'Maeve','Mueller','Micaela','Sydney.Barton99','390-247-6181','Kristoffer60@hotmail.com','$2b$10$vbIwo5GB2L4rnnZhpM0v0OgL61GICu3HMfsWKS0wQG4tlYVsFcYRi','2022-05-15 17:11:54','2022-05-15 17:11:54','2022-05-15 17:11:54','Repudiandae quis omnis illo enim.',NULL),(2141,'Joelle','Parker','German','Hosea_Schiller','974-928-6981','Matilda.Brekke0@yahoo.com','$2b$10$Kf8Budi4UgJUakeqyRiOdeL9whhhkhikvsBab4zITFQEKfs4cqmlK','2022-05-15 17:11:55','2022-05-15 17:11:55','2022-05-15 17:11:55','Unde iure molestiae id deleniti nihil enim qui.',NULL),(2151,'Kim','Larkin','Madalyn','Colton_Nienow45','260-486-2928','Lavina.Fay@yahoo.com','$2b$10$7cs5yH77aVXYstHjtCfJwu/.DKwMnaqsmk4RpZRXxv3ei.rT7bT3y','2022-05-15 17:11:56','2022-05-15 17:11:56','2022-05-15 17:11:56','Nisi expedita expedita voluptates.',NULL),(2161,'Jermain','Aufderhar','Donna','Hillary_Christiansen79','738-393-1070','Jarred_Klocko@gmail.com','$2b$10$QqPBKUiz7RdbZlZoKoeqfO4zLIwvB5sjerR3.x2F3A8sYHw4JGIZ2','2022-05-15 17:11:57','2022-05-15 17:11:57','2022-05-15 17:11:57','Temporibus praesentium quo.',NULL),(2171,'Arjun','Effertz','Darron','Mckayla_Bruen81','913-393-4394','Antoinette_Ortiz@hotmail.com','$2b$10$gzdapfsOnzLV3qvR/rt2i.cySK1kHHJX1.E5aLEfDDPe4A18wAO.G','2022-05-15 17:15:52','2022-05-15 17:15:53','2022-05-15 17:15:52','Est harum quisquam eaque qui voluptatum.',NULL),(2181,'Cora','Nitzsche','Gerson','Adriel47','694-827-4263','Terrence_Bogisich83@gmail.com','$2b$10$SOZ7lHWah7mUIsIhzp9t4uI6uQTAsZxZArLEPPv4TEff99ANor9vW','2022-05-15 17:15:53','2022-05-15 17:15:54','2022-05-15 17:15:53','Rerum officiis qui sunt quae sunt eos blanditiis quia.',NULL),(2191,'Joseph','Emard','Jamison','Ena_Hudson','930-484-5025','Oswald95@yahoo.com','$2b$10$0qYJKl0bBQKbNoSCr3phYuJ9xHncZFMduYH1w33GYKzurpT5eguIy','2022-05-15 17:15:54','2022-05-15 17:15:55','2022-05-15 17:15:54','Sed necessitatibus vel modi sunt ad.',NULL),(2201,'Vanessa','Kertzmann','Evert','Janice_Jerde80','340-618-6226','Maida68@yahoo.com','$2b$10$gUBj5Dg87DLMBHUV03c/lOF/0xn.jKvyhnYgatfw638wTq3j9aSNK','2022-05-15 17:15:55','2022-05-15 17:15:56','2022-05-15 17:15:55','Minus aut doloribus labore et iure.',NULL),(2211,'Aiden','Carroll','Patsy','Dolores70','876-664-5116','Rebecca_Prosacco72@yahoo.com','$2b$10$YBvuorj8yPGrljUnzl7AO.IZAeS8nwWrO7QSPK0TSM7AuyMRNOFNS','2022-05-15 17:15:56','2022-05-15 17:15:56','2022-05-15 17:15:56','Est omnis ducimus odit.',NULL),(2221,'Gerald','Maggio','Caroline','Abel.Stehr','822-412-9551','Kenneth54@gmail.com','$2b$10$8Og8B4UpbCQVO6qjaepL1.JK3yUmu2ZbEaC6eBwJpFBwPsB3og0Vm','2022-05-15 17:15:57','2022-05-15 17:15:57','2022-05-15 17:15:57','Molestiae sit qui sequi aspernatur porro ipsam earum voluptas.',NULL),(2231,'Guido','Leannon','Rodrigo','Gregory.Dietrich61','631-809-6292','Haskell.Auer@hotmail.com','$2b$10$IwfxQLIH7WKQeKbCjlCTrenXzR9gZCYDv1pXc5Or3W5J9t0HF2fFu','2022-05-15 17:15:58','2022-05-15 17:15:58','2022-05-15 17:15:58','Ab at porro.',NULL),(2241,'Monserrat','Kuphal','Carmine','Rollin_Keeling31','485-589-3802','Camren.Wisoky@yahoo.com','$2b$10$02l97QcOvENhJYbuaBzSL.3I7NIwIxUbymWyApMTfXy57hIJqnlS.','2022-05-15 17:15:59','2022-05-15 17:15:59','2022-05-15 17:15:59','Suscipit libero laudantium consequatur iste nisi.',NULL),(2251,'Bria','Little','Kenton','Matilde.Funk','608-451-4229','Kaia_Brakus14@yahoo.com','$2b$10$MAQsdLIPXdxYnnK7RMXfteWS1mNHTIxWWoFpSUcWGWACDnVwXtGWi','2022-05-16 12:26:15','2022-05-16 12:26:16','2022-05-16 12:26:15','Fuga omnis sit officiis adipisci nesciunt.',NULL),(2261,'Madalyn','Armstrong','Alberto','Matt60','484-726-1620','Nella83@gmail.com','$2b$10$Hz2WggSipJO8s7QaTTfv/OoivjdHiXrK2GRbLN/jN1WDlWM7b.RE2','2022-05-16 12:26:16','2022-05-16 12:26:17','2022-05-16 12:26:16','Vitae voluptas natus fugiat quia.',NULL),(2271,'Asia','Lakin','Randall','Josiane.McGlynn66','971-515-8996','Marcelino75@gmail.com','$2b$10$ffLd8T87U8l7.sdkQEGsb.dAZjqjElRhKJrX4dQtK02JjsfjyDJ0u','2022-05-16 12:26:17','2022-05-16 12:26:18','2022-05-16 12:26:17','Fugit odit asperiores esse quae.',NULL),(2281,'Breanne','Sporer','Curt','Rebekah.Huel95','760-622-5607','Emie.Bechtelar8@gmail.com','$2b$10$FW8s2wfCQB6www.iMPkNh.HSz83mlUW6R8mFc33OiCh0F1CoKyZUa','2022-05-16 12:26:18','2022-05-16 12:26:19','2022-05-16 12:26:18','Suscipit dolor eos eveniet repellat magnam.',NULL),(2291,'Virgil','King','Weldon','Chandler.Beatty','356-476-8093','Alia_Leannon@hotmail.com','$2b$10$FArV1RqgacRTbwypqxf2h.2DYEpRuVhnYTgF1JTlBaUV/VtZCS/G2','2022-05-16 12:26:19','2022-05-16 12:26:20','2022-05-16 12:26:19','Et debitis voluptatem praesentium qui.',NULL),(2301,'Ron','Ullrich','Laurel','Jane.Ratke81','948-909-6759','Tanner_Hackett@yahoo.com','$2b$10$9jiCgcgL1jw0cb3VhQj5f.WJBxwvlFKppfTQ5fkqG49GYafMIGkw.','2022-05-16 12:26:20','2022-05-16 12:26:21','2022-05-16 12:26:20','Ut in molestiae modi ullam consequatur et rerum delectus.',NULL),(2311,'Anne','Nolan','Yessenia','Myrtice10','609-640-8472','Marc6@yahoo.com','$2b$10$4me6tx21gNyYZYIcxthzPO/TzsTcojyPjAGRkQ0MKbLSKYP8jHtvq','2022-05-16 12:26:21','2022-05-16 12:26:21','2022-05-16 12:26:21','Velit sit nostrum.',NULL),(2321,'Jaime','Rutherford','Jettie','Maybelle_DuBuque84','507-734-3804','Alexzander92@yahoo.com','$2b$10$AKoyxVL2xfyr2u5JAgIqYOMNdBB3vRIh1lrz76YGQ/x3L6TlOptM.','2022-05-16 12:26:22','2022-05-16 12:26:22','2022-05-16 12:26:22','Sed illum exercitationem.',NULL),(2331,'Douglas','Feeney','Princess','Meda_Schneider99','923-818-3985','Anika24@hotmail.com','$2b$10$P2Rl96rUvfgCAzMLRve2yua/wLT.vVQzG.nD5glegiGdFZDUPpTHS','2022-05-16 12:27:48','2022-05-16 12:27:48','2022-05-16 12:27:48','Dolorem accusantium qui iusto eius cupiditate sit.',NULL),(2341,'Davonte','Cormier','Madilyn','Ansel98','543-714-1362','Ocie_Douglas@gmail.com','$2b$10$PS3zm1.Q6C5/tAGpHXjvreRDE9zbnqto.ieL0Ywy7iYMUKfPmQD.C','2022-05-16 12:27:49','2022-05-16 12:27:49','2022-05-16 12:27:49','Fugit reiciendis maxime dolor vel inventore officiis ut.',NULL),(2351,'Micah','Pfannerstill','Martine','Alessia.Beier','859-548-3629','Gail.Ondricka@hotmail.com','$2b$10$/h07ZweifqDu317Y1KsJVOShZVaqDsYAWioVIyzpzAW/HDV.LPb1e','2022-05-16 12:27:50','2022-05-16 12:27:50','2022-05-16 12:27:50','Quidem quia neque ut sequi fuga voluptatibus ullam et sed.',NULL),(2361,'Jerrell','Wunsch','Wendell','Davonte.Jacobs85','305-746-2165','Alec95@yahoo.com','$2b$10$bfvLQ838fXcyVUtPURlEseWXFnOh2r5fwcEKBj.3ey1hb/s.iy6R2','2022-05-16 12:27:51','2022-05-16 12:27:52','2022-05-16 12:27:51','Necessitatibus aperiam nam.',NULL),(2371,'Richard','Mills','Brooklyn','Geoffrey.Cassin','694-901-5574','Jevon47@yahoo.com','$2b$10$ncupu64oBOnkJNj9xJJpHeUHPD5q2PV9RVREIXfX4QBcTUzp9AFoe','2022-05-16 12:27:53','2022-05-16 12:27:53','2022-05-16 12:27:53','Consequatur soluta harum explicabo dolores provident.',NULL),(2381,'Gracie','Hoppe','Kendall','Quentin39','299-816-4441','Allan_West@gmail.com','$2b$10$Q0JLA80LywJdbScGMVTWr.Lq71e4sSrlkYLubj49MCIQmGgJ5YEW.','2022-05-16 12:27:54','2022-05-16 12:27:54','2022-05-16 12:27:54','Blanditiis sunt quia nesciunt.',NULL),(2391,'Elnora','Daugherty','Emmalee','Green.Satterfield22','287-643-4120','Destiny_Hand@gmail.com','$2b$10$Ujtc2uZzMqAxRGptDQ1M4O4EBZDRx8VSabv91LJi1DxKg86.dop3m','2022-05-16 12:27:54','2022-05-16 12:27:55','2022-05-16 12:27:54','Tenetur optio quo ducimus.',NULL),(2401,'Alta','Runolfsson','Kaycee','Pattie41','958-916-8583','Mariane94@yahoo.com','$2b$10$qBdmCCeTOelBx6sVgmOqQOPiotjRztYWLddVYVCqoxNju8Y0zUyoe','2022-05-16 12:27:55','2022-05-16 12:27:56','2022-05-16 12:27:55','Quia assumenda assumenda quas minima asperiores minima provident dolor.',NULL),(2411,'Philip','Klein','Wyman','Lelia_Krajcik','501-259-6098','Gregoria.Leffler18@hotmail.com','$2b$10$TpCzvWQ1B0nZN9I2iIGpMugC/0.oauXRTfFbXHeW.I470fT64H9kW','2022-05-16 12:53:07','2022-05-16 12:53:07','2022-05-16 12:53:07','Eligendi et et commodi omnis velit.',NULL),(2421,'Garret','Goldner','Destiny','Etha_Hahn34','246-739-3655','Deshaun25@gmail.com','$2b$10$rI3W1aqMTXIfdb8IcMjf9uPUdCVLcOJxOyzNw0L9EddA8ln6K2bOi','2022-05-16 12:53:08','2022-05-16 12:53:08','2022-05-16 12:53:08','Molestiae sunt itaque hic nihil quam voluptas.',NULL),(2431,'Trycia','Runolfsdottir','Lucienne','Marc31','253-305-6915','Anastasia_Bartell71@gmail.com','$2b$10$OTVLxrLPbsb3JrQrryxt2.RZf/l2RCMn8QbUYszKWqfk07zWNNWqq','2022-05-16 12:53:09','2022-05-16 12:53:09','2022-05-16 12:53:09','Vel eos perferendis.',NULL),(2441,'Elyssa','Rippin','Harmony','Samir_Lesch','828-788-4520','Ella.Windler@yahoo.com','$2b$10$wxXJJ.buAl/EG/QQYgjmKOPCyCISse17COFNEZhOkrUD07PqZZjxm','2022-05-16 12:53:10','2022-05-16 12:53:10','2022-05-16 12:53:10','Quisquam maiores vel architecto incidunt hic commodi non.',NULL),(2451,'Palma','Pagac','Juvenal','Kaela.Feil','589-532-0843','Alvis.Hartmann3@yahoo.com','$2b$10$4Ex3y4JH5h7U.CLPRm8B9uhDTXnraRofeS0HaKXzn5YdRyFlm6oiq','2022-05-16 12:53:10','2022-05-16 12:53:11','2022-05-16 12:53:10','A ducimus animi assumenda voluptatem eum molestias incidunt.',NULL),(2461,'Ayla','Carroll','Norma','Delilah.Mills1','435-583-1998','Ian.Barrows@gmail.com','$2b$10$6ApGf/R97TitJvhk6UlfTO.Kk7Uln5h2mx6hCjng/ARiRIuLOOAgW','2022-05-16 12:53:12','2022-05-16 12:53:12','2022-05-16 12:53:12','Officiis nemo natus laudantium aut laboriosam id.',NULL),(2471,'Oleta','Reilly','Alanna','King_Wehner','292-309-0075','Berneice_Parker@gmail.com','$2b$10$BKO97zkgmaUUOSxhpQHD1evkWTWIgPOhB8utvT54Im/7v.QR1eg/e','2022-05-16 12:53:13','2022-05-16 12:53:13','2022-05-16 12:53:13','Quos alias quia.',NULL),(2481,'Alexie','Effertz','Garth','Carleton.Graham4','898-847-2802','Myrtis_Connelly87@gmail.com','$2b$10$dQ8.3waSG2HAsKITMDB0CufpybNQccId2IZuHBSULH8QDtuQ3wdUy','2022-05-16 12:53:14','2022-05-16 12:53:14','2022-05-16 12:53:14','Dolore enim quisquam beatae quam et nihil officia placeat quisquam.',NULL),(2491,'Maida','Kunde','Leopoldo','Winston60','957-637-9521','Emmanuel98@hotmail.com','$2b$10$MRTuOzimG3HiVWsu28DjIulOhiE9A9AQ6KR67U36oqOQ78NPTif8C','2022-05-16 12:59:40','2022-05-16 12:59:40','2022-05-16 12:59:40','Eveniet eius nihil aspernatur aut quae voluptatem.',NULL),(2501,'Roma','Bartoletti','Maryse','Rosalyn_Heller48','688-892-4702','Thelma_Weber@hotmail.com','$2b$10$CzYreqHWtc1G1bQUbbF6uuOC320D7.LvbvXYqdziHSxt6SVRj8eua','2022-05-16 12:59:41','2022-05-16 12:59:41','2022-05-16 12:59:41','Hic voluptates consequatur consequatur non omnis voluptatibus quia reiciendis similique.',NULL),(2511,'Elmore','Wuckert','Humberto','Israel85','719-559-9679','Cordell.Abbott@yahoo.com','$2b$10$n7nscNDOmNHbFTJNp634IO6kVT/oU/AJaDKMo0Gd8oIgYauplkUU6','2022-05-16 12:59:42','2022-05-16 12:59:42','2022-05-16 12:59:42','Ut quia veniam.',NULL),(2521,'Jordan','Homenick','Ethyl','Franco29','776-521-2047','Genoveva76@hotmail.com','$2b$10$WTGwPP4Nm3Rm4PEwx.5rJe13UCXlWU15CIdUMW0uS2GWdfWZ/lXLO','2022-05-16 12:59:43','2022-05-16 12:59:43','2022-05-16 12:59:43','Voluptates et ut accusantium sint aut ea ex soluta consectetur.',NULL),(2531,'Soledad','Balistreri','Beth','Lisa.Smitham65','251-398-2877','Irwin76@hotmail.com','$2b$10$9CNHgwM0albS.8R895z0YebcZu9kilLpdlGzPnCmCX7pP5XNr6x3O','2022-05-16 12:59:44','2022-05-16 12:59:44','2022-05-16 12:59:44','Dolor consequatur minus odit eveniet molestias optio dolore sint.',NULL),(2541,'Melba','Wiza','Breanne','Syble_Gottlieb54','250-424-8604','Jamar.Kuhic@gmail.com','$2b$10$r5jtkyK1UELVr09IlBWi9u6uRFdmTW1CFJqGB5.AiRYcxiV7w.v9m','2022-05-16 12:59:45','2022-05-16 12:59:45','2022-05-16 12:59:45','Fuga quam ut aut voluptatem illum cumque saepe fuga asperiores.',NULL),(2551,'Delta','Champlin','Madisen','Vickie_Weissnat83','415-544-0173','Kane96@gmail.com','$2b$10$5n3aVItqqxISaiB5n/9GquGTRivcmujq2ELUCnDdYoHcVfNCMDqaG','2022-05-16 12:59:46','2022-05-16 12:59:46','2022-05-16 12:59:46','Qui odio iste eligendi vel.',NULL),(2561,'Yasmine','Steuber','Urban','Patricia14','766-472-6044','Clair.Yundt72@yahoo.com','$2b$10$6HfrbQAqWU2su/WZTEeyzuTXGdsxL0RGxoYEC2iycX8qSwiSjreSW','2022-05-16 12:59:47','2022-05-16 12:59:47','2022-05-16 12:59:47','Sint consectetur incidunt vero ab temporibus aut id veniam at.',NULL),(2571,'Alberto','Corkery','Krystina','Reina.Kuvalis54','501-509-5203','Wilfrid.OConner14@gmail.com','$2b$10$lqTvsH1aR0yxmQSupMf3POIRgcDVK2YpD8A/LHhmFXZ2q.jNf8yHa','2022-05-16 13:00:58','2022-05-16 13:00:59','2022-05-16 13:00:58','Nam dolores autem quis.',NULL),(2581,'Kelly','Langworth','Sheridan','Kade_Klein62','503-736-7268','Rosalee.Weber@yahoo.com','$2b$10$y2WmqDn.ZUaRrMo3piFLAulcylXUa3ZchLbpG1qoa9wnXVDSVllp.','2022-05-16 13:01:00','2022-05-16 13:01:00','2022-05-16 13:01:00','In magni tempora quia aspernatur.',NULL),(2591,'Sonny','Bailey','Bill','Edgar_OReilly84','678-594-2762','Cathryn.Grimes86@hotmail.com','$2b$10$yjhwf.VSYJTSyyZzVdzT0e8uinngPIlu4LXJx4GSwJ30q5yPM9o/2','2022-05-16 13:01:01','2022-05-16 13:01:03','2022-05-16 13:01:01','Deleniti quasi itaque ullam magni aut voluptates debitis eos.',NULL),(2601,'Neoma','Senger','Olin','Johnnie33','548-998-8337','Destin.Goyette34@gmail.com','$2b$10$wdcPSh4sK7xKX.ppQ/tLd.aKRA9CCrF/Ae0zcOPtwKeBc5fwjNTxm','2022-05-16 13:01:04','2022-05-16 13:01:05','2022-05-16 13:01:04','Repudiandae corrupti rem est quaerat enim impedit perspiciatis vel.',NULL),(2611,'Dean','Cremin','Polly','Joelle.Hoeger56','411-310-3524','Terrance.Schowalter90@hotmail.com','$2b$10$rHQ9q7VfRHwHE7Cw6Me8we183JKe2yJ1YwN2pNTws4jpjKaaGlCfG','2022-05-16 13:01:06','2022-05-16 13:01:07','2022-05-16 13:01:06','Omnis laudantium assumenda neque sequi alias esse in.',NULL),(2621,'Velma','Reichel','Miles','Casimer.Goodwin','903-772-5292','Sibyl.Bahringer18@gmail.com','$2b$10$kMJxLTArq/Rud7hWiR5TVe4QqeeTd4jKyAje2sv.hUFCakqqwVHVa','2022-05-16 13:01:07','2022-05-16 13:01:08','2022-05-16 13:01:07','Molestias repudiandae est et dolorum quia rerum eum.',NULL),(2631,'Carley','Greenfelder','Nelda','Maxine5','519-375-1998','Khalil.Sanford@gmail.com','$2b$10$rHDjQ4cljSaZxwWNMM8wlekukZICz45wcGGM6A8Yfw9p2q0q3GBUm','2022-05-16 13:01:08','2022-05-16 13:01:09','2022-05-16 13:01:08','Facilis sit sit voluptatem error amet.',NULL),(2641,'Laura','VonRueden','Lilian','Sheila16','905-493-1387','Aliyah_Langworth@gmail.com','$2b$10$1WU6gschN8dbDeXMGk4Ya.goGFTdR2nEraJO0Dd5q050BRLiVeura','2022-05-16 13:01:10','2022-05-16 13:01:10','2022-05-16 13:01:10','Accusantium ut veniam ut.',NULL),(2651,'Karlee','Konopelski','Elton','Amina85','823-984-5057','Rogers0@hotmail.com','$2b$10$a2pvkcsjOmyYn6hm3EYoCuMlOzAXSwDdFtutsmJBq.coYUz/NXNgS','2022-05-16 13:02:32','2022-05-16 13:02:33','2022-05-16 13:02:32','Aliquid veritatis molestiae reiciendis.',NULL),(2661,'Raoul','Hammes','Melody','Jacky_Rice64','754-255-7916','Gavin7@gmail.com','$2b$10$cNGFoJde3q3rKtUQaFBAy.J2V1lASckjkSWOIJafetVUNSLAOlt/W','2022-05-16 13:02:34','2022-05-16 13:02:34','2022-05-16 13:02:34','Excepturi corporis animi quae est eveniet aut quia.',NULL),(2671,'Jacquelyn','Mertz','Assunta','Deonte86','782-208-6412','Loren81@gmail.com','$2b$10$GFP/ga97rrJINhMss9Z0UeEwNNL0VMTahrQdykumbiaxFpEwUvBFu','2022-05-16 13:02:35','2022-05-16 13:02:36','2022-05-16 13:02:35','Consequuntur rerum qui eos vitae aliquid illo quibusdam culpa.',NULL),(2681,'Bill','Baumbach','Osvaldo','Demetris_Grant','340-343-6155','Marcos_Keebler@hotmail.com','$2b$10$nrqobqAuLbBgJC1XD99sRuMeqGMPyL35TaAYIiDerqHh6pb0zDCAS','2022-05-16 13:02:37','2022-05-16 13:02:37','2022-05-16 13:02:37','Illum fugiat ut nesciunt ad blanditiis officiis quasi vel magnam.',NULL),(2691,'Rhiannon','Hilpert','Vergie','Elian17','638-296-0970','Rosetta_Satterfield61@gmail.com','$2b$10$/CULbHp1ZQszevYDONVa0.ssdl4LKoUWBgbBoPbC3WUkiWm0UVfGi','2022-05-16 13:02:38','2022-05-16 13:02:38','2022-05-16 13:02:38','Alias quos ut officiis ullam ducimus.',NULL),(2701,'Hailey','Hayes','Lucious','Tatyana.Hammes85','437-833-3067','Carmella.Thiel59@yahoo.com','$2b$10$apw9qL4Pje3rnO9tl.lKi.oHztCfj6SYlAWPqPQHlFYFugQs2LNky','2022-05-16 13:02:40','2022-05-16 13:02:40','2022-05-16 13:02:40','Eius vel voluptatum error possimus ipsa nemo rem ab eum.',NULL),(2711,'Marcelo','Feeney','Riley','Rahul53','659-585-9435','Connie_Botsford98@yahoo.com','$2b$10$W9Y10EYsrqtabXxmeICtceQy3a1Wjy1/Mtsygnc5sr17.5cpDmPxi','2022-05-16 13:02:41','2022-05-16 13:02:42','2022-05-16 13:02:41','Vel qui sit sint.',NULL),(2721,'Delbert','Connelly','Kaley','Cathy.Smitham','376-800-1269','Desiree.King@yahoo.com','$2b$10$iomyfNir7856wDKuoH9qBeYwzGTJFDIM3LdEqWBz2vLzHkTC7X7gO','2022-05-16 13:02:42','2022-05-16 13:02:43','2022-05-16 13:02:42','Ad deserunt ad sequi ut et sit.',NULL),(2731,'Asa','Stroman','Emely','Domenica.Witting54','404-757-5416','Brayan_McLaughlin28@hotmail.com','$2b$10$QNDohZ90/RIc5fucxTOkKedGw.bndyzvoq94Ghos4BeUH742CRb5q','2022-05-16 13:18:37','2022-05-16 13:18:37','2022-05-16 13:18:37','Ducimus architecto est doloribus voluptatem tenetur.',NULL),(2741,'Gerard','Brekke','Myron','Brain20','233-994-3920','Clemmie13@yahoo.com','$2b$10$/480NS7N6dnnofW1wTPd9.KAS6GRIwVpw6b8/sJkHta6y7xVrMMae','2022-05-16 13:18:37','2022-05-16 13:18:38','2022-05-16 13:18:37','Maxime eum quibusdam facere nihil in.',NULL),(2751,'Tyrese','Koch','Jonas','Immanuel25','727-640-0084','Carson_Goldner24@hotmail.com','$2b$10$T7ODkDUzLYVe/lXluGsgn.Q4I44ud539c5f716Nv13nPc3J5Ebkwq','2022-05-16 13:18:38','2022-05-16 13:18:38','2022-05-16 13:18:38','Tenetur voluptate cum temporibus.',NULL),(2761,'Darby','Upton','Ephraim','Eliza.Towne3','710-888-8202','Onie.Block@yahoo.com','$2b$10$04iBfskNk7J6PxWhnNx8..YisQ.0jCI.Pbm9mmRYp6X5IZzCMB6jO','2022-05-16 13:18:39','2022-05-16 13:18:39','2022-05-16 13:18:39','Eligendi nihil ullam pariatur facere itaque dolorem.',NULL),(2771,'Derick','Wyman','Amanda','Judd_Friesen','558-750-8129','Zula66@hotmail.com','$2b$10$KLMl2quw1ywb9eaI26ml5OYK1mifqArWmR78bBNS3GbU4GdfhTYFC','2022-05-16 13:18:40','2022-05-16 13:18:40','2022-05-16 13:18:40','Ipsa facere quia totam voluptatem quia distinctio.',NULL),(2781,'Grayson','O\'Reilly','Lauriane','Litzy81','845-520-0810','Jocelyn.Wiegand46@hotmail.com','$2b$10$KfU50dOMcJRGsds959xyp.LCUitWn1mrPZ/RWxo/05re5FS7Yp2HO','2022-05-16 13:18:40','2022-05-16 13:18:41','2022-05-16 13:18:40','Consequatur aliquid accusantium amet nobis laborum cupiditate autem magnam explicabo.',NULL),(2791,'Marina','Gibson','Astrid','Patricia.Rowe','622-407-9197','Sherwood72@hotmail.com','$2b$10$loUPXmPbPSYHFLC3HKgTPeq7E//lgprdGnU8O9bsbDxcUZ8VK3alq','2022-05-16 13:18:41','2022-05-16 13:18:42','2022-05-16 13:18:41','Nam magnam qui nulla sunt aut et.',NULL),(2801,'Jany','Goyette','Adell','Trenton.Goodwin14','908-967-1649','Myron18@hotmail.com','$2b$10$94.6c9RcSBM6l.cAUXG0SuyQT4XXVmhbi7rtYS5SBhK0g7xyVGrw6','2022-05-16 13:18:42','2022-05-16 13:18:42','2022-05-16 13:18:42','Voluptas labore laudantium.',NULL),(2811,'Doug','Roberts','Marcellus','Ciara_Kuhn','926-580-3530','Mae52@gmail.com','$2b$10$en.Ej3HcjoLztsw.EPWf1eq/0/s.nGIeaet3Em/4h.jj9e8lxjknK','2022-05-16 13:19:31','2022-05-16 13:19:31','2022-05-16 13:19:31','Est et nisi nulla enim deleniti.',NULL),(2821,'Madge','Ward','Willard','Martin_Jast','858-441-0692','Leonie5@yahoo.com','$2b$10$Zc5nRp9Z7YuG7OU8MXqemuK5ZcjspbjP46BC.1Vnfxj6ZefLYTCXq','2022-05-16 13:19:31','2022-05-16 13:19:33','2022-05-16 13:19:31','Explicabo quaerat reiciendis nesciunt.',NULL),(2831,'Johan','Monahan','Genesis','Norwood_Pagac','949-348-2501','Vincenza66@gmail.com','$2b$10$3A7pEDW3/1tCkfzEgMwv8eOhso5mTn.jFXt2KwA74D4U58wFlMnUO','2022-05-16 13:19:33','2022-05-16 13:19:33','2022-05-16 13:19:33','Quisquam eum omnis optio quia.',NULL),(2841,'Zachariah','Rempel','Ellsworth','Nakia18','893-993-2960','Joanie69@hotmail.com','$2b$10$tEuIQPRkuFZGtRG.HiHxR.JlCym7hMhEGZZvNkcuL7C3rviFFVhXC','2022-05-16 13:20:02','2022-05-16 13:20:03','2022-05-16 13:20:02','Perspiciatis illo voluptatem ut.',NULL),(2851,'Linnea','Goodwin','Herminio','Rowland29','622-511-5319','Yadira6@yahoo.com','$2b$10$FRmtLWYl9f0S6fQA50eOYuAVmmVJNseMsYbiCeDAKPj3N5nYBhtVq','2022-05-16 13:20:04','2022-05-16 13:20:04','2022-05-16 13:20:04','Ratione et pariatur consequatur omnis a facilis omnis.',NULL),(2861,'Margaretta','Dibbert','Alisha','Vilma.Dickens','318-437-4518','Yasmin41@gmail.com','$2b$10$5nzxIHpLn4wftnMonrDghOD78GatyzZqSCNqPXW.2xuR3eUWvOkju','2022-05-16 13:20:05','2022-05-16 13:20:06','2022-05-16 13:20:05','Qui accusantium quo officia et eum molestiae dolorem et.',NULL),(2871,'Lori','Walker','Dominic','Vella55','992-607-3652','Sydnee_Robel@yahoo.com','$2b$10$8a4W7iLDxqIAL1DgsONnmunaBATx1KhH5uxjp5AAG6ZerEbheh7gi','2022-05-16 13:20:07','2022-05-16 13:20:07','2022-05-16 13:20:07','Aperiam et autem.',NULL),(2881,'Norval','Balistreri','Grady','Amanda_McKenzie','840-470-1385','Dovie_Baumbach47@gmail.com','$2b$10$mTt4DKxXGiVjXjDkYZ3jzu00O85NTMocNNfBeHvc/G1AHYMrE/d0O','2022-05-16 13:20:08','2022-05-16 13:20:09','2022-05-16 13:20:08','Possimus autem aspernatur non recusandae ut laboriosam repellat enim sed.',NULL),(2891,'Lydia','Cormier','Emerald','Alva.Gutkowski','927-915-8343','Audreanne.Gutmann@yahoo.com','$2b$10$Y2SmzRU16qP6H2T1w3O2We4wMFKG.YHXCLupo0ZNEIyWFM4nzUSe.','2022-05-16 13:20:10','2022-05-16 13:20:10','2022-05-16 13:20:10','Assumenda eius dolorum.',NULL),(2901,'Afton','Boehm','Brielle','Jalen2','505-835-8896','Geoffrey_Schaefer1@hotmail.com','$2b$10$B6sncsJSno.i1BjDDXmZOeDY6H9w0kmWoqW51C/YZJ2paS3RC92WG','2022-05-16 13:20:10','2022-05-16 13:20:11','2022-05-16 13:20:10','Aut natus reiciendis et a quisquam.',NULL),(2911,'Marilyne','Crona','Dawson','Betty_Torphy62','730-339-5399','Axel.Mitchell@yahoo.com','$2b$10$Ch0G8wSc9h3TSy9w5R9HduhrgIz7Lq16qCBZaMoEmQic9RW6xYLzO','2022-05-16 13:20:12','2022-05-16 13:20:12','2022-05-16 13:20:12','Ut voluptate est rem rerum quo sed sed rem dicta.',NULL),(2921,'Eileen','Luettgen','Nettie','Barney.Reilly25','362-425-9511','Violette_Senger35@gmail.com','$2b$10$MYcsOqWfswdoTfGzvd5LYerWuFZ3N.4.dV8WRiEU8RV2rDCt5Wu2S','2022-05-16 13:21:10','2022-05-16 13:21:11','2022-05-16 13:21:10','Inventore sint modi nisi dolor eum nam ipsum et doloribus.',NULL),(2931,'Lelia','Heaney','Patrick','Ethel.Turner95','677-280-0409','Germaine3@yahoo.com','$2b$10$VUtJM8QzFqxAD03FRe07nu7Cct7h6wNZTUpkc8bWFftYeO9VnoRbe','2022-05-16 13:21:12','2022-05-16 13:21:12','2022-05-16 13:21:12','Molestiae iusto blanditiis distinctio sunt saepe.',NULL),(2941,'Everardo','Murray','Asia','Korbin45','557-572-1931','Kaley.Ryan@hotmail.com','$2b$10$p8YhgYZp5/wMifHpy2jWneiAQXkxtaxA9QmvWi8YU5tGbwrnQXQVy','2022-05-16 13:21:13','2022-05-16 13:21:13','2022-05-16 13:21:13','Earum et animi sequi aut illum quaerat quod aut.',NULL),(2951,'Jarod','Stokes','Eunice','Ivah.Schumm','416-564-2838','Jayson_Treutel@hotmail.com','$2b$10$X21fZ.bfFC5FAaIJXVyepu2hZ/ajIMfPOFbY.H7v.OWF6C8nBySea','2022-05-16 13:21:14','2022-05-16 13:21:16','2022-05-16 13:21:14','Excepturi eligendi reprehenderit porro.',NULL),(2961,'Nasir','O\'Reilly','Weston','Karlie.Lang63','628-574-8340','Peyton87@yahoo.com','$2b$10$ht9xJdaU5dlu1ufpc4XR.eySj2KdtWcbFDm9T.kARgvMhFzLaUEf2','2022-05-16 13:21:16','2022-05-16 13:21:17','2022-05-16 13:21:16','Dolor reiciendis iusto qui voluptas molestiae rerum illo.',NULL),(2971,'Urban','Herzog','Dale','Aletha.Ryan','439-956-8310','Jody_Feest52@gmail.com','$2b$10$BASlU0sMkmGOni8yyfESWufhDdQL31m2jev9mjclVC7IFgU0DY7NK','2022-05-16 13:21:18','2022-05-16 13:21:18','2022-05-16 13:21:18','Iure in et et.',NULL),(2981,'Vergie','Walsh','Hazle','Lennie29','746-454-9012','Destiny_Runte@yahoo.com','$2b$10$xO7ddBfcnhKwNBY7fZURfuLRT2aIWEmj4QhfnIVRC0Ws.FuGMEvPG','2022-05-16 13:21:18','2022-05-16 13:21:19','2022-05-16 13:21:18','Ut voluptatem consequuntur.',NULL),(2991,'Maynard','Rogahn','Marlen','Hailie56','301-632-8473','Hattie.Howell@gmail.com','$2b$10$LVAqWHpdpnDdoeKDl4GeOeVWstfdb2P/dMPUtbS9WjklQZw5JbX2e','2022-05-16 13:21:20','2022-05-16 13:21:20','2022-05-16 13:21:20','Provident ratione inventore non dolor voluptas aut est vel blanditiis.',NULL),(3001,'Ressie','Quitzon','Norberto','Wilton_Keebler46','797-921-0501','Serena.Kilback34@gmail.com','$2b$10$tCJtk3BLBLlP2MPlDSe20e8fE6XoJxKhI9pB3EMKQy5gOBdoQl.Y.','2022-05-16 13:22:15','2022-05-16 13:22:15','2022-05-16 13:22:15','Reprehenderit ipsa excepturi nostrum alias ea blanditiis.',NULL),(3011,'Roosevelt','Lang','Norris','Carmela58','979-269-1956','Angus_Macejkovic@gmail.com','$2b$10$8so3RdA8ELMKXehKci0vk.eQ0p4hj9zwDTa8Ml99kvFDi10D/4j7q','2022-05-16 13:22:16','2022-05-16 13:22:16','2022-05-16 13:22:16','Corporis consequuntur quae dolor tenetur doloribus.',NULL),(3021,'Lorna','Hermann','Ena','Esther_Kassulke','275-470-0154','Mackenzie_Bruen@hotmail.com','$2b$10$C5C4OQsLsgSIHapRKkMkH.GX77yZJ7FC.TiHOYwQzmo8HZw7KjR1W','2022-05-16 13:22:17','2022-05-16 13:22:17','2022-05-16 13:22:17','Quasi et impedit molestiae voluptas voluptatem consequatur.',NULL),(3031,'Tressie','West','Lina','Abdul3','361-272-8622','Haylee.Hermann@gmail.com','$2b$10$HzjWgnv1AkBfOyOpaBXMGe1Y18RVnlK/KknOnI5V/f7q1do4HjZrW','2022-05-16 13:22:19','2022-05-16 13:22:19','2022-05-16 13:22:19','Blanditiis voluptatibus fugit voluptatibus et numquam repellendus rerum soluta doloremque.',NULL),(3041,'Leonel','Pfannerstill','Jamaal','Nels.Rohan','826-561-8152','Rhea.Kohler70@gmail.com','$2b$10$3oE2o38kB4/surwQbF735.t.H7n5xd9/v0Lerzbhban8P1PARc.pi','2022-05-16 13:22:20','2022-05-16 13:22:20','2022-05-16 13:22:20','Ab minus deserunt quos corrupti occaecati qui omnis dolorem.',NULL),(3051,'Lucile','Hartmann','August','Janae68','934-605-6683','Joy24@hotmail.com','$2b$10$QQ8AYXPvEaVCj5a68TcKJOCWTFTTnTxFr4tdXpzNpeA7CAIJtv5rW','2022-05-16 13:22:21','2022-05-16 13:22:22','2022-05-16 13:22:21','Nihil rem voluptates natus dolores corporis voluptatem.',NULL),(3061,'Wyatt','O\'Kon','Billy','Barrett71','808-735-3636','Victoria42@gmail.com','$2b$10$5TXqqJ4K8tZGRnrfVMAeEu6RciXt.1FuNv3Dh18djCofOKIa2QkkC','2022-05-16 13:22:22','2022-05-16 13:22:22','2022-05-16 13:22:22','Aut debitis dolore odit sint tempora ipsum qui.',NULL),(3071,'Fatima','Upton','Herman','Enrique82','861-807-9805','Alia.Schroeder@yahoo.com','$2b$10$cu1kU6oAPjytG/ou/CRG3uapWuPkRni7txZNBkC9VMBgIowiHD1ze','2022-05-16 13:22:23','2022-05-16 13:22:24','2022-05-16 13:22:23','Quaerat distinctio quas et harum nesciunt dolore est.',NULL);
/*!40000 ALTER TABLE `users` ENABLE KEYS */;
UNLOCK TABLES;

--
-- Table structure for table `votes`
--

DROP TABLE IF EXISTS `votes`;
/*!40101 SET @saved_cs_client     = @@character_set_client */;
/*!40101 SET character_set_client = utf8 */;
CREATE TABLE `votes` (
  `message_id` int(11) NOT NULL,
  `user_id` int(11) NOT NULL,
  `created_at` datetime NOT NULL DEFAULT CURRENT_TIMESTAMP,
  `updated_at` datetime NOT NULL DEFAULT CURRENT_TIMESTAMP,
  `type` enum('up','down') DEFAULT NULL,
  PRIMARY KEY (`message_id`,`user_id`),
  KEY `idx_votes` (`message_id`),
  KEY `idx_votes_0` (`user_id`),
  CONSTRAINT `fk_votes_messages` FOREIGN KEY (`message_id`) REFERENCES `messages` (`message_id`) ON DELETE NO ACTION ON UPDATE NO ACTION,
  CONSTRAINT `fk_votes_users` FOREIGN KEY (`user_id`) REFERENCES `users` (`user_id`) ON DELETE NO ACTION ON UPDATE NO ACTION
) ENGINE=InnoDB DEFAULT CHARSET=utf8;
/*!40101 SET character_set_client = @saved_cs_client */;

--
-- Dumping data for table `votes`
--

LOCK TABLES `votes` WRITE;
/*!40000 ALTER TABLE `votes` DISABLE KEYS */;
INSERT INTO `votes` VALUES (1,42,'2022-04-27 13:40:53','2022-04-27 13:40:53','up'),(1,45,'2022-05-04 15:51:22','2022-05-04 16:15:52',NULL),(1,81,'2022-05-08 18:33:18','2022-08-29 05:48:30','up'),(11,81,'2022-06-29 08:36:46','2022-09-06 07:35:42',NULL),(31,81,'2022-08-31 11:34:49','2022-09-05 10:07:46',NULL),(61,81,'2022-08-31 09:12:27','2022-08-31 09:36:05',NULL),(131,81,'2022-08-31 11:31:34','2022-08-31 12:51:16',NULL),(141,81,'2022-09-05 10:08:22','2022-09-05 10:09:39',NULL),(151,81,'2022-09-05 10:14:06','2022-09-05 12:47:40','down'),(201,81,'2022-09-06 07:36:56','2022-09-06 07:46:59',NULL),(211,81,'2022-09-06 07:47:20','2022-09-06 07:47:25',NULL),(251,81,'2022-09-07 06:04:10','2022-09-07 06:04:10','up'),(261,81,'2022-09-07 06:29:30','2022-09-07 06:29:34',NULL);
/*!40000 ALTER TABLE `votes` ENABLE KEYS */;
UNLOCK TABLES;
/*!40103 SET TIME_ZONE=@OLD_TIME_ZONE */;

/*!40101 SET SQL_MODE=@OLD_SQL_MODE */;
/*!40014 SET FOREIGN_KEY_CHECKS=@OLD_FOREIGN_KEY_CHECKS */;
/*!40014 SET UNIQUE_CHECKS=@OLD_UNIQUE_CHECKS */;
/*!40101 SET CHARACTER_SET_CLIENT=@OLD_CHARACTER_SET_CLIENT */;
/*!40101 SET CHARACTER_SET_RESULTS=@OLD_CHARACTER_SET_RESULTS */;
/*!40101 SET COLLATION_CONNECTION=@OLD_COLLATION_CONNECTION */;
/*!40111 SET SQL_NOTES=@OLD_SQL_NOTES */;

-- Dump completed on 2022-09-12 16:00:15
