-- MySQL dump 10.13  Distrib 8.0.32, for Linux (x86_64)
--
-- Host: localhost    Database: social_network
-- ------------------------------------------------------
-- Server version	8.0.32

/*!40101 SET @OLD_CHARACTER_SET_CLIENT=@@CHARACTER_SET_CLIENT */;
/*!40101 SET @OLD_CHARACTER_SET_RESULTS=@@CHARACTER_SET_RESULTS */;
/*!40101 SET @OLD_COLLATION_CONNECTION=@@COLLATION_CONNECTION */;
/*!50503 SET NAMES utf8mb4 */;
/*!40103 SET @OLD_TIME_ZONE=@@TIME_ZONE */;
/*!40103 SET TIME_ZONE='+00:00' */;
/*!40014 SET @OLD_UNIQUE_CHECKS=@@UNIQUE_CHECKS, UNIQUE_CHECKS=0 */;
/*!40014 SET @OLD_FOREIGN_KEY_CHECKS=@@FOREIGN_KEY_CHECKS, FOREIGN_KEY_CHECKS=0 */;
/*!40101 SET @OLD_SQL_MODE=@@SQL_MODE, SQL_MODE='NO_AUTO_VALUE_ON_ZERO' */;
/*!40111 SET @OLD_SQL_NOTES=@@SQL_NOTES, SQL_NOTES=0 */;

--
-- Table structure for table `group_user_relationships`
--

DROP TABLE IF EXISTS `group_user_relationships`;
/*!40101 SET @saved_cs_client     = @@character_set_client */;
/*!50503 SET character_set_client = utf8mb4 */;
CREATE TABLE `group_user_relationships` (
  `group_id` int NOT NULL,
  `user_id` int NOT NULL,
  `type` enum('member','banned','admin','member_request','member_request_rejected','invited') DEFAULT NULL,
  `created_at` datetime NOT NULL DEFAULT CURRENT_TIMESTAMP,
  `updated_at` datetime NOT NULL DEFAULT CURRENT_TIMESTAMP,
  `notification_frequency` enum('low','frequent','off') NOT NULL,
  PRIMARY KEY (`group_id`,`user_id`),
  KEY `idx_group_user_relationships` (`group_id`),
  KEY `idx_group_user_relationships_0` (`user_id`),
  CONSTRAINT `fk_group_user_relationships` FOREIGN KEY (`group_id`) REFERENCES `groups` (`group_id`),
  CONSTRAINT `fk_group_user_relationships_0` FOREIGN KEY (`user_id`) REFERENCES `users` (`user_id`)
) ENGINE=InnoDB DEFAULT CHARSET=utf8mb3;
/*!40101 SET character_set_client = @saved_cs_client */;

--
-- Dumping data for table `group_user_relationships`
--

LOCK TABLES `group_user_relationships` WRITE;
/*!40000 ALTER TABLE `group_user_relationships` DISABLE KEYS */;
INSERT INTO `group_user_relationships` VALUES (1,42,'invited','2022-04-30 10:18:01','2022-05-01 15:34:03','frequent'),(1,45,'admin','2022-04-30 10:17:25','2023-03-01 17:24:55','off'),(1,81,'admin','2022-05-25 07:47:18','2022-05-25 07:47:18','frequent'),(1,331,'invited','2022-05-25 07:48:11','2022-05-25 07:48:11','low'),(1,351,NULL,'2022-05-27 12:22:00','2022-05-27 12:22:00','low'),(1,371,NULL,'2022-05-27 12:47:10','2022-05-27 12:47:10','low'),(1,3073,NULL,'2023-02-02 12:25:10','2023-02-02 12:25:10','low'),(1,3074,'admin','2023-01-25 17:46:41','2023-02-28 13:47:04','low'),(63,45,'admin','2023-03-15 16:33:29','2023-03-15 16:33:29','low');
/*!40000 ALTER TABLE `group_user_relationships` ENABLE KEYS */;
UNLOCK TABLES;

--
-- Table structure for table `groups`
--

DROP TABLE IF EXISTS `groups`;
/*!40101 SET @saved_cs_client     = @@character_set_client */;
/*!50503 SET character_set_client = utf8mb4 */;
CREATE TABLE `groups` (
  `group_id` int NOT NULL AUTO_INCREMENT,
  `created_by_user_id` int NOT NULL,
  `created_at` datetime NOT NULL DEFAULT CURRENT_TIMESTAMP,
  `updated_at` datetime NOT NULL DEFAULT CURRENT_TIMESTAMP,
  `name` varchar(255) NOT NULL,
  `visibility` enum('visible','hidden','open') NOT NULL,
  `description` text,
  `index_image_media_id` int DEFAULT NULL,
  `banner_image_media_id` int DEFAULT NULL,
  PRIMARY KEY (`group_id`),
  UNIQUE KEY `unq_groups` (`name`),
  KEY `idx_groups` (`group_id`),
  KEY `fk_groups_users` (`created_by_user_id`),
  KEY `fk_groups_medias` (`index_image_media_id`),
  KEY `fk_groups_medias_1` (`banner_image_media_id`),
  FULLTEXT KEY `skew_groups` (`name`,`description`),
  CONSTRAINT `fk_groups_medias` FOREIGN KEY (`index_image_media_id`) REFERENCES `medias` (`media_id`),
  CONSTRAINT `fk_groups_medias_1` FOREIGN KEY (`banner_image_media_id`) REFERENCES `medias` (`media_id`),
  CONSTRAINT `fk_groups_users` FOREIGN KEY (`created_by_user_id`) REFERENCES `users` (`user_id`)
) ENGINE=InnoDB AUTO_INCREMENT=64 DEFAULT CHARSET=utf8mb3;
/*!40101 SET character_set_client = @saved_cs_client */;

--
-- Dumping data for table `groups`
--

LOCK TABLES `groups` WRITE;
/*!40000 ALTER TABLE `groups` DISABLE KEYS */;
INSERT INTO `groups` VALUES (1,45,'2022-04-23 10:56:33','2023-03-13 13:33:40','Test channel','open','Test channel2 description2',1,1),(63,45,'2023-03-15 16:33:29','2023-03-15 16:33:29','valami csopi','hidden','nemtom',NULL,NULL);
/*!40000 ALTER TABLE `groups` ENABLE KEYS */;
UNLOCK TABLES;

--
-- Table structure for table `medias`
--

DROP TABLE IF EXISTS `medias`;
/*!40101 SET @saved_cs_client     = @@character_set_client */;
/*!50503 SET character_set_client = utf8mb4 */;
CREATE TABLE `medias` (
  `media_id` int NOT NULL AUTO_INCREMENT,
  `url` varchar(255) NOT NULL,
  `created_at` datetime NOT NULL DEFAULT CURRENT_TIMESTAMP,
  `updated_at` datetime NOT NULL DEFAULT CURRENT_TIMESTAMP,
  `user_id` int NOT NULL,
  `caption` varchar(255) DEFAULT NULL,
  PRIMARY KEY (`media_id`),
  KEY `idx_medias` (`user_id`),
  CONSTRAINT `fk_medias_medias` FOREIGN KEY (`user_id`) REFERENCES `users` (`user_id`)
) ENGINE=InnoDB AUTO_INCREMENT=87 DEFAULT CHARSET=utf8mb3;
/*!40101 SET character_set_client = @saved_cs_client */;

--
-- Dumping data for table `medias`
--

LOCK TABLES `medias` WRITE;
/*!40000 ALTER TABLE `medias` DISABLE KEYS */;
INSERT INTO `medias` VALUES (1,'https://cdn.pixabay.com/photo/2015/04/23/22/00/tree-736885__480.jpg','2022-04-30 09:00:35','2022-04-30 10:27:40',45,NULL),(11,'https://images.unsplash.com/photo-1453728013993-6d66e9c9123a?ixlib=rb-1.2.1&ixid=MnwxMjA3fDB8MHxzZWFyY2h8Mnx8dmlld3xlbnwwfHwwfHw%3D&w=1000&q=80','2022-05-04 16:10:42','2022-05-04 16:10:42',45,'Example image'),(21,'https://images.unsplash.com/photo-1453728013993-6d66e9c9123a?ixlib=rb-1.2.1&ixid=MnwxMjA3fDB8MHxzZWFyY2h8Mnx8dmlld3xlbnwwfHwwfHw%3D&w=1000&q=80','2022-05-04 16:13:16','2022-05-04 16:13:16',45,'Example image'),(31,'https://images.unsplash.com/photo-1453728013993-6d66e9c9123a?ixlib=rb-1.2.1&ixid=MnwxMjA3fDB8MHxzZWFyY2h8Mnx8dmlld3xlbnwwfHwwfHw%3D&w=1000&q=80','2022-05-04 16:15:39','2022-05-04 16:15:39',45,'Example image'),(41,'https://images.unsplash.com/photo-1453728013993-6d66e9c9123a?ixlib=rb-1.2.1&ixid=MnwxMjA3fDB8MHxzZWFyY2h8Mnx8dmlld3xlbnwwfHwwfHw%3D&w=1000&q=80','2022-05-04 16:15:55','2022-05-04 16:15:55',45,'Example image'),(51,'https://images.unsplash.com/photo-1453728013993-6d66e9c9123a?ixlib=rb-1.2.1&ixid=MnwxMjA3fDB8MHxzZWFyY2h8Mnx8dmlld3xlbnwwfHwwfHw%3D&w=1000&q=80','2022-05-04 16:15:56','2022-05-04 16:15:56',45,'Example image'),(71,'https://images.unsplash.com/photo-1453728013993-6d66e9c9123a?ixlib=rb-1.2.1&ixid=MnwxMjA3fDB8MHxzZWFyY2h8Mnx8dmlld3xlbnwwfHwwfHw%3D&w=1000&q=80','2022-05-08 18:18:24','2022-05-08 18:18:24',81,'Example image'),(81,'https://images.unsplash.com/photo-1453728013993-6d66e9c9123a?ixlib=rb-1.2.1&ixid=MnwxMjA3fDB8MHxzZWFyY2h8Mnx8dmlld3xlbnwwfHwwfHw%3D&w=1000&q=80','2022-05-08 18:31:16','2022-05-08 18:31:16',81,'Example image'),(82,'https://ik.imagekit.io/socialnetwork2/peakpx_ubsxRU6r_.jpg','2023-03-25 20:05:35','2023-03-25 20:05:35',3074,NULL),(83,'https://ik.imagekit.io/socialnetwork2/nkidvnuxxqla1_cRvud3MXr.png','2023-03-26 12:22:41','2023-03-26 12:22:41',3074,NULL),(84,'https://ik.imagekit.io/socialnetwork2/IMG_20230314_121554_14QzQalpz.jpg','2023-03-26 12:23:57','2023-03-26 12:23:57',3074,NULL),(85,'https://ik.imagekit.io/socialnetwork2/nkidvnuxxqla1_CoaqO_EQS.png','2023-03-26 12:37:37','2023-03-26 12:37:37',3074,NULL),(86,'https://ik.imagekit.io/socialnetwork2/c4b54620-ab80-473d-9c4d-a1188ad43a13IMG_20230314_121554_Al20iZwEz.jpg','2023-03-27 08:18:40','2023-03-27 08:18:40',3074,NULL);
/*!40000 ALTER TABLE `medias` ENABLE KEYS */;
UNLOCK TABLES;

--
-- Table structure for table `mentioned_users`
--

DROP TABLE IF EXISTS `mentioned_users`;
/*!40101 SET @saved_cs_client     = @@character_set_client */;
/*!50503 SET character_set_client = utf8mb4 */;
CREATE TABLE `mentioned_users` (
  `user_id` int NOT NULL,
  `message_id` int NOT NULL,
  PRIMARY KEY (`user_id`,`message_id`),
  KEY `idx_mentioned_users` (`user_id`),
  KEY `idx_mentioned_users_0` (`message_id`),
  CONSTRAINT `fk_mentioned_users_messages` FOREIGN KEY (`message_id`) REFERENCES `messages` (`message_id`),
  CONSTRAINT `fk_mentioned_users_users` FOREIGN KEY (`user_id`) REFERENCES `users` (`user_id`)
) ENGINE=InnoDB DEFAULT CHARSET=utf8mb3;
/*!40101 SET character_set_client = @saved_cs_client */;

--
-- Dumping data for table `mentioned_users`
--

LOCK TABLES `mentioned_users` WRITE;
/*!40000 ALTER TABLE `mentioned_users` DISABLE KEYS */;
INSERT INTO `mentioned_users` VALUES (1,51),(1,71),(1,81),(1,91),(1,101),(1,111),(1,121),(2,51),(2,71),(2,81),(2,91),(2,101),(2,111),(2,121),(40,51),(40,71),(40,81),(40,91),(40,101),(40,111),(40,121),(42,1);
/*!40000 ALTER TABLE `mentioned_users` ENABLE KEYS */;
UNLOCK TABLES;

--
-- Table structure for table `message_medias`
--

DROP TABLE IF EXISTS `message_medias`;
/*!40101 SET @saved_cs_client     = @@character_set_client */;
/*!50503 SET character_set_client = utf8mb4 */;
CREATE TABLE `message_medias` (
  `media_id` int NOT NULL,
  `message_id` int NOT NULL,
  PRIMARY KEY (`media_id`,`message_id`),
  KEY `idx_message_medias` (`message_id`),
  KEY `idx_message_medias_0` (`media_id`),
  CONSTRAINT `fk_message_medias_medias` FOREIGN KEY (`media_id`) REFERENCES `medias` (`media_id`),
  CONSTRAINT `fk_message_medias_messages` FOREIGN KEY (`message_id`) REFERENCES `messages` (`message_id`)
) ENGINE=InnoDB DEFAULT CHARSET=utf8mb3;
/*!40101 SET character_set_client = @saved_cs_client */;

--
-- Dumping data for table `message_medias`
--

LOCK TABLES `message_medias` WRITE;
/*!40000 ALTER TABLE `message_medias` DISABLE KEYS */;
INSERT INTO `message_medias` VALUES (1,1),(1,81),(1,91),(1,101),(1,111),(1,121);
/*!40000 ALTER TABLE `message_medias` ENABLE KEYS */;
UNLOCK TABLES;

--
-- Table structure for table `messages`
--

DROP TABLE IF EXISTS `messages`;
/*!40101 SET @saved_cs_client     = @@character_set_client */;
/*!50503 SET character_set_client = utf8mb4 */;
CREATE TABLE `messages` (
  `message_id` int NOT NULL AUTO_INCREMENT,
  `group_id` int NOT NULL,
  `user_id` int NOT NULL,
  `created_at` datetime NOT NULL DEFAULT CURRENT_TIMESTAMP,
  `updated_at` datetime NOT NULL DEFAULT CURRENT_TIMESTAMP,
  `text` text NOT NULL,
  `response_to_message_id` int DEFAULT NULL,
  PRIMARY KEY (`message_id`),
  KEY `idx_messages` (`group_id`),
  KEY `idx_messages_0` (`user_id`),
  KEY `idx_messages_1` (`response_to_message_id`),
  FULLTEXT KEY `skew_messages` (`text`),
  CONSTRAINT `fk_messages_groups` FOREIGN KEY (`group_id`) REFERENCES `groups` (`group_id`),
  CONSTRAINT `fk_messages_messages` FOREIGN KEY (`response_to_message_id`) REFERENCES `messages` (`message_id`),
  CONSTRAINT `fk_messages_users` FOREIGN KEY (`user_id`) REFERENCES `users` (`user_id`)
) ENGINE=InnoDB AUTO_INCREMENT=355 DEFAULT CHARSET=utf8mb3;
/*!40101 SET character_set_client = @saved_cs_client */;

--
-- Dumping data for table `messages`
--

LOCK TABLES `messages` WRITE;
/*!40000 ALTER TABLE `messages` DISABLE KEYS */;
INSERT INTO `messages` VALUES (1,1,45,'2022-04-23 11:14:49','2022-04-23 11:14:49','Lorem ipsum dolor sit amet, consectetur adipiscing elit. Proin tincidunt dolor diam, vel accumsan quam convallis eleifend. Fusce rhoncus metus mi, eget consectetur nulla pretium id. Integer non sem ipsum. Praesent vulputate rhoncus sollicitudin. Cras pharetra eros metus. Sed consectetur, odio nec laoreet suscipit, arcu enim tincidunt massa, nec ullamcorper nulla velit ut urna. Donec eu augue ac metus feugiat lacinia.\n\nMorbi suscipit lacus sit amet massa rhoncus molestie. Nam id elementum felis. Nulla ullamcorper bibendum nisl, at feugiat orci. Cras interdum purus quis quam dignissim, eget tempus sapien posuere. Donec vel dui odio. Nam et feugiat metus. Aliquam eros est, posuere vel mattis a, efficitur eu massa. Aenean id interdum ligula, pulvinar consectetur enim. Donec a dolor lacus. Morbi erat ipsum, tincidunt a molestie non, sodales eu purus. Vivamus sit amet facilisis lacus. Integer feugiat mauris nec fringilla venenatis. Vestibulum sollicitudin vehicula auctor. Cras nec accumsan orci. Sed in felis et arcu consequat volutpat.',NULL),(11,1,45,'2022-05-04 13:32:48','2022-05-04 13:32:48','asd',NULL),(31,1,45,'2022-05-04 13:35:54','2022-05-04 13:35:54','asd',11),(51,1,45,'2022-05-04 13:38:40','2022-05-04 13:38:40','asd',11),(71,1,45,'2022-05-04 13:40:31','2022-05-04 13:40:31','asd',11),(81,1,45,'2022-05-04 13:41:35','2022-05-04 13:41:35','asd',11),(91,1,45,'2022-05-04 13:42:11','2022-05-04 13:42:11','asd',11),(101,1,45,'2022-05-04 13:43:19','2022-05-04 13:43:19','asd',11),(111,1,45,'2022-05-04 13:44:14','2022-05-04 14:06:28','asd',11),(121,1,81,'2022-05-08 18:33:14','2022-05-08 18:33:14','asd',11),(131,1,45,'2022-08-29 08:14:23','2022-08-29 08:14:23','asd2',31),(141,1,81,'2022-09-04 17:48:57','2022-09-04 17:48:57','test',1),(151,1,81,'2022-09-05 10:13:54','2022-09-05 10:13:54','test3',141),(161,1,81,'2022-09-05 12:56:25','2022-09-05 12:56:25','test4',151),(171,1,81,'2022-09-05 17:41:31','2022-09-05 17:41:31','asdf',131),(181,1,81,'2022-09-05 17:42:00','2022-09-05 17:42:00','123',171),(191,1,81,'2022-09-05 17:47:28','2022-09-05 17:47:28','qwe',181),(271,1,45,'2022-12-15 12:22:12','2022-12-15 12:22:12','teszt',141),(272,1,45,'2022-12-15 12:22:40','2022-12-15 12:22:40','teszt',141),(273,1,45,'2022-12-15 12:23:56','2022-12-15 12:23:56','teszt',141),(274,1,45,'2022-12-15 13:09:01','2022-12-15 13:09:01','teszt',141),(275,1,45,'2022-12-15 13:10:26','2022-12-15 13:10:26','test2',274),(276,1,45,'2022-12-15 13:10:46','2022-12-15 13:10:46','ok',275),(279,1,3074,'2023-01-26 14:02:52','2023-01-26 14:02:52','aaaaaaaaaaaaah',NULL),(280,1,3074,'2023-01-26 14:03:08','2023-01-26 14:03:08','a',279),(281,1,45,'2023-01-28 19:36:25','2023-01-28 19:36:25','asd2',51),(282,1,3074,'2023-02-06 20:01:58','2023-02-06 20:01:58','qwe *ewfe* \n**eaffes**',281),(283,1,45,'2023-02-07 08:43:35','2023-02-07 08:43:35','qwe',280),(284,1,45,'2023-02-07 08:51:00','2023-02-07 08:51:00','a',283),(285,1,45,'2023-02-07 09:43:18','2023-02-07 09:43:18','ezvbfdnhujlikaevrfnhuiyzevrbhyuoievbgrfhyuo',284),(286,1,45,'2023-02-07 09:47:43','2023-02-07 09:47:43','vsino',285),(287,1,45,'2023-02-07 09:48:23','2023-02-07 09:48:23','acwcwa',286),(288,1,45,'2023-02-07 09:51:37','2023-02-07 09:51:37','cawe3c',287),(289,1,45,'2023-02-07 09:54:18','2023-02-07 09:54:18','dadwad',288),(290,1,45,'2023-02-07 09:57:42','2023-02-07 09:57:42','cacea',289),(291,1,45,'2023-02-07 09:59:25','2023-02-07 09:59:25','32qrrf',290),(292,1,45,'2023-02-07 10:01:26','2023-02-07 10:01:26','brytrb',291),(293,1,45,'2023-02-07 10:08:19','2023-02-07 10:08:19','wqdqwdlkin',292),(294,1,45,'2023-02-07 10:09:37','2023-02-07 10:09:37','gesrnnuoges5nj;esgre\n*wafwa*\n**vaweva**',293),(295,1,45,'2023-02-07 10:21:32','2023-02-07 10:21:32','cum',294),(300,1,3074,'2023-02-08 19:39:05','2023-02-08 19:39:05','a',295),(301,1,3074,'2023-02-08 19:40:05','2023-02-08 19:40:05','b',300),(302,1,3074,'2023-02-08 19:42:23','2023-02-08 19:42:23','c',301),(303,1,3074,'2023-02-08 19:43:14','2023-02-08 19:43:14','d',302),(304,1,3074,'2023-02-08 19:51:31','2023-02-08 19:51:31','e',303),(305,1,3074,'2023-02-08 19:52:54','2023-02-08 19:52:54','f',304),(306,1,3074,'2023-02-08 19:54:00','2023-02-08 19:54:00','g',305),(307,1,45,'2023-02-10 21:06:22','2023-02-10 21:06:22','bug test',NULL),(316,1,3074,'2023-02-26 13:50:56','2023-02-26 13:50:56','',11),(317,1,3074,'2023-02-26 13:50:58','2023-02-26 13:50:58','',11),(318,1,3074,'2023-02-26 13:51:04','2023-02-26 13:51:04','',11),(319,1,3074,'2023-02-26 13:51:13','2023-02-26 13:51:13','',11),(320,1,3074,'2023-02-26 13:51:15','2023-02-26 13:51:15','',11),(324,1,3074,'2023-02-26 14:24:44','2023-02-26 14:24:44','aa',31),(325,1,3074,'2023-02-26 14:25:45','2023-02-26 14:25:45','a',320),(326,1,3074,'2023-02-27 12:31:21','2023-02-27 12:31:21','halo',NULL),(327,1,3074,'2023-02-27 12:31:41','2023-02-27 12:31:41','k',326),(328,1,3074,'2023-02-28 17:20:35','2023-02-28 17:20:35','hol a go b+',1),(331,1,45,'2023-03-01 09:48:29','2023-03-01 09:48:29','a',283),(332,1,45,'2023-03-01 09:48:36','2023-03-01 09:48:36','b',283),(333,1,3073,'2023-03-02 15:43:08','2023-03-02 15:43:08','yaay!',NULL),(334,1,3073,'2023-03-07 09:27:36','2023-03-07 09:27:36','open group test!!!!\nAron egy gyasz\n\n\nZsombor is',161),(335,1,3073,'2023-03-07 09:28:21','2023-03-07 09:28:21','halo',NULL),(336,1,3073,'2023-03-07 09:28:33','2023-03-07 09:28:33','Aron egy gyasz',335),(337,1,3073,'2023-03-09 18:53:26','2023-03-09 18:53:26','teszt',336),(338,1,3073,'2023-03-09 18:54:46','2023-03-09 18:55:15','mondom teszt te szerencsetlen!',336),(340,1,3073,'2023-03-09 18:55:46','2023-03-09 18:55:46','na',NULL),(341,1,3074,'2023-03-11 16:52:58','2023-03-11 16:52:58','?',340),(342,1,3074,'2023-03-11 17:15:23','2023-03-11 17:15:23','a',307),(343,1,45,'2023-03-15 15:30:03','2023-03-15 15:30:03','messagesToFetchmessagesToFetchmessagesToFetchmessagesToFetchmessagesToFetchmessagesToFetchmessagesToFetchmessagesToFetchmessagesToFetchmessagesToFetchmessagesToFetchmessagesToFetchmessagesToFetchmessagesToFetchmessagesToFetchmessagesToFetchmessagesToFetchmessagesToFetchmessagesToFetchmessagesToFetchmessagesToFetchmessagesToFetchmessagesToFetchmessagesToFetchmessagesToFetchmessagesToFetchmessagesToFetchmessagesToFetchmessagesToFetchmessagesToFetchmessagesToFetchmessagesToFetchmessagesToFetchmessagesToFetchmessagesToFetchmessagesToFetchmessagesToFetchmessagesToFetchmessagesToFetchmessagesToFetchmessagesToFetchmessagesToFetchmessagesToFetchmessagesToFetchmessagesToFetchmessagesToFetchmessagesToFetchmessagesToFetchmessagesToFetchmessagesToFetchmessagesToFetchmessagesToFetchmessagesToFetchmessagesToFetchmessagesToFetchmessagesToFetchmessagesToFetchmessagesToFetchmessagesToFetchmessagesToFetchmessagesToFetchmessagesToFetchmessagesToFetchmessagesToFetchmessagesToFetchmessagesToFetchmessagesToFetchmessagesToFetchmessagesToFetchmessagesToFetchmessagesToFetchmessagesToFetchmessagesToFetchmessagesToFetchmessagesToFetchmessagesToFetchmessagesToFetchmessagesToFetchmessagesToFetchmessagesToFetchmessagesToFetchmessagesToFetchmessagesToFetchmessagesToFetchmessagesToFetchmessagesToFetchmessagesToFetchmessagesToFetchmessagesToFetchmessagesToFetchmessagesToFetchmessagesToFetchmessagesToFetchmessagesToFetchmessagesToFetchmessagesToFetchmessagesToFetchmessagesToFetchmessagesToFetchmessagesToFetchmessagesToFetchmessagesToFetchmessagesToFetchmessagesToFetchmessagesToFetchmessagesToFetchmessagesToFetchmessagesToFetchmessagesToFetchmessagesToFetchmessagesToFetchmessagesToFetchmessagesToFetchmessagesToFetchmessagesToFetchmessagesToFetchmessagesToFetchmessagesToFetchmessagesToFetchmessagesToFetchmessagesToFetchmessagesToFetchmessagesToFetchmessagesToFetchmessagesToFetchmessagesToFetchmessagesToFetchmessagesToFetchmessagesToFetchmessagesToFetchmessagesToFetchmessagesToFetchmessagesToFetchmessagesToFetchmessagesToFetchmessagesToFetchmessagesToFetchmessagesToFetchmessagesToFetchmessagesToFetchmessagesToFetchmessagesToFetchmessagesToFetchmessagesToFetchmessagesToFetchmessagesToFetchmessagesToFetchmessagesToFetchmessagesToFetchmessagesToFetchmessagesToFetchmessagesToFetchmessagesToFetchmessagesToFetchmessagesToFetchmessagesToFetchmessagesToFetchmessagesToFetchmessagesToFetchmessagesToFetchmessagesToFetchmessagesToFetchmessagesToFetchmessagesToFetchmessagesToFetchmessagesToFetchmessagesToFetchmessagesToFetchmessagesToFetchmessagesToFetchmessagesToFetchmessagesToFetchmessagesToFetchmessagesToFetchmessagesToFetchmessagesToFetchmessagesToFetchmessagesToFetchmessagesToFetchmessagesToFetchmessagesToFetchmessagesToFetchmessagesToFetchmessagesToFetchmessagesToFetchmessagesToFetchmessagesToFetchmessagesToFetchmessagesToFetchmessagesToFetchmessagesToFetchmessagesToFetchmessagesToFetchmessagesToFetchmessagesToFetchmessagesToFetchmessagesToFetchmessagesToFetchmessagesToFetchmessagesToFetchmessagesToFetchmessagesToFetchmessagesToFetchmessagesToFetchmessagesToFetchmessagesToFetchmessagesToFetchmessagesToFetchmessagesToFetchmessagesToFetchmessagesToFetchmessagesToFetchmessagesToFetchmessagesToFetchmessagesToFetchmessagesToFetchmessagesToFetchmessagesToFetchmessagesToFetchmessagesToFetchmessagesToFetchmessagesToFetchmessagesToFetchmessagesToFetchmessagesToFetchmessagesToFetchmessagesToFetchmessagesToFetchmessagesToFetchmessagesToFetchmessagesToFetchmessagesToFetchmessagesToFetchmessagesToFetchmessagesToFetchmessagesToFetchmessagesToFetchmessagesToFetchmessagesToFetchmessagesToFetchmessagesToFetchmessagesToFetchmessagesToFetchmessagesToFetchmessagesToFetchmessagesToFetchmessagesToFetchmessagesToFetchmessagesToFetchmessagesToFetchmessagesToFetchmessagesToFetchmessagesToFetchmessagesToFetchmessagesToFetchmessagesToFetchmessagesToFetchmessagesToFetchmessagesToFetchmessagesToFetchmessagesToFetchmessagesToFetchmessagesToFetchmessagesToFetchmessagesToFetchmessagesToFetchmessagesToFetchmessagesToFetchmessagesToFetchmessagesToFetchmessagesToFetchmessagesToFetchmessagesToFetchmessagesToFetchmessagesToFetchmessagesToFetchmessagesToFetchmessagesToFetchmessagesToFetchmessagesToFetchmessagesToFetchmessagesToFetchmessagesToFetchmessagesToFetchmessagesToFetchmessagesToFetchmessagesToFetchmessagesToFetchmessagesToFetchmessagesToFetchmessagesToFetchmessagesToFetchmessagesToFetchmessagesToFetchmessagesToFetchmessagesToFetchmessagesToFetchmessagesToFetchmessagesToFetchmessagesToFetchmessagesToFetchmessagesToFetchmessagesToFetchmessagesToFetchmessagesToFetchmessagesToFetchmessagesToFetchmessagesToFetchmessagesToFetchmessagesToFetchmessagesToFetchmessagesToFetchmessagesToFetchmessagesToFetchmessagesToFetchmessagesToFetchmessagesToFetchmessagesToFetchmessagesToFetchmessagesToFetchmessagesToFetchmessagesToFetchmessagesToFetchmessagesToFetchmessagesToFetchmessagesToFetchmessagesToFetchmessagesToFetchmessagesToFetchmessagesToFetchmessagesToFetchmessagesToFetchmessagesToFetchmessagesToFetchmessagesToFetchmessagesToFetchmessagesToFetchmessagesToFetchmessagesToFetchmessagesToFetchmessagesToFetchmessagesToFetchmessagesToFetchmessagesToFetchmessagesToFetchmessagesToFetchmessagesToFetchmessagesToFetchmessagesToFetchmessagesToFetchmessagesToFetchmessagesToFetchmessagesToFetchmessagesToFetchmessagesToFetchmessagesToFetchmessagesToFetchmessagesToFetchmessagesToFetchmessagesToFetchmessagesToFetchmessagesToFetchmessagesToFetchmessagesToFetchmessagesToFetchmessagesToFetchmessagesToFetchmessagesToFetchmessagesToFetchmessagesToFetchmessagesToFetchmessagesToFetchmessagesToFetchmessagesToFetchmessagesToFetchmessagesToFetchmessagesToFetchmessagesToFetchmessagesToFetchmessagesToFetchmessagesToFetchmessagesToFetchmessagesToFetchmessagesToFetchmessagesToFetchmessagesToFetchmessagesToFetchmessagesToFetchmessagesToFetchmessagesToFetchmessagesToFetchmessagesToFetchmessagesToFetchmessagesToFetchmessagesToFetchmessagesToFetchmessagesToFetchmessagesToFetchmessagesToFetchmessagesToFetchmessagesToFetchmessagesToFetchmessagesToFetchmessagesToFetchmessagesToFetchmessagesToFetchmessagesToFetchmessagesToFetchmessagesToFetchmessagesToFetchmessagesToFetchmessagesToFetchmessagesToFetchmessagesToFetchmessagesToFetchmessagesToFetchmessagesToFetchmessagesToFetchmessagesToFetchmessagesToFetchmessagesToFetchmessagesToFetchmessagesToFetchmessagesToFetchmessagesToFetchmessagesToFetchmessagesToFetchmessagesToFetchmessagesToFetchmessagesToFetchmessagesToFetchmessagesToFetchmessagesToFetchmessagesToFetchmessagesToFetchmessagesToFetchmessagesToFetchmessagesToFetchmessagesToFetchmessagesToFetchmessagesToFetchmessagesToFetchmessagesToFetchmessagesToFetchmessagesToFetchmessagesToFetchmessagesToFetchmessagesToFetchmessagesToFetchmessagesToFetchmessagesToFetchmessagesToFetchmessagesToFetchmessagesToFetchmessagesToFetchmessagesToFetchmessagesToFetchmessagesToFetchmessagesToFetchmessagesToFetchmessagesToFetchmessagesToFetchmessagesToFetchmessagesToFetchmessagesToFetchmessagesToFetchmessagesToFetchmessagesToFetchmessagesToFetchmessagesToFetchmessagesToFetchmessagesToFetchmessagesToFetchmessagesToFetchmessagesToFetchmessagesToFetchmessagesToFetchmessagesToFetchmessagesToFetchmessagesToFetchmessagesToFetchmessagesToFetchmessagesToFetchmessagesToFetchmessagesToFetchmessagesToFetchmessagesToFetchmessagesToFetchmessagesToFetchmessagesToFetchmessagesToFetchmessagesToFetchmessagesToFetchmessagesToFetchmessagesToFetchmessagesToFetchmessagesToFetchmessagesToFetchmessagesToFetchmessagesToFetchmessagesToFetchmessagesToFetchmessagesToFetchmessagesToFetchmessagesToFetchmessagesToFetchmessagesToFetchmessagesToFetchmessagesToFetchmessagesToFetchmessagesToFetchmessagesToFetchmessagesToFetchmessagesToFetchmessagesToFetchmessagesToFetchmessagesToFetchmessagesToFetchmessagesToFetchmessagesToFetchmessagesToFetchmessagesToFetchmessagesToFetchmessagesToFetchmessagesToFetchmessagesToFetchmessagesToFetchmessagesToFetchmessagesToFetchmessagesToFetchmessagesToFetchmessagesToFetchmessagesToFetchmessagesToFetchmessagesToFetchmessagesToFetchmessagesToFetchmessagesToFetchmessagesToFetchmessagesToFetchmessagesToFetchmessagesToFetchmessagesToFetchmessagesToFetchmessagesToFetchmessagesToFetchmessagesToFetchmessagesToFetchmessagesToFetchmessagesToFetchmessagesToFetchmessagesToFetchmessagesToFetchmessagesToFetchmessagesToFetchmessagesToFetchmessagesToFetchmessagesToFetchmessagesToFetchmessagesToFetchmessagesToFetchmessagesToFetchmessagesToFetchmessagesToFetchmessagesToFetchmessagesToFetchmessagesToFetchmessagesToFetchmessagesToFetchmessagesToFetchmessagesToFetchmessagesToFetchmessagesToFetchmessagesToFetchmessagesToFetchmessagesToFetchmessagesToFetchmessagesToFetchmessagesToFetchmessagesToFetchmessagesToFetchmessagesToFetchmessagesToFetchmessagesToFetchmessagesToFetchmessagesToFetchmessagesToFetchmessagesToFetchmessagesToFetchmessagesToFetchmessagesToFetchmessagesToFetchmessagesToFetchmessagesToFetchmessagesToFetchmessagesToFetchmessagesToFetchmessagesToFetchmessagesToFetchmessagesToFetchmessagesToFetchmessagesToFetchmessagesToFetchmessagesToFetchmessagesToFetchmessagesToFetchmessagesToFetchmessagesToFetchmessagesToFetchmessagesToFetchmessagesToFetchmessagesToFetchmessagesToFetchmessagesToFetchmessagesToFetchmessagesToFetchmessagesToFetchmessagesToFetchmessagesToFetchmessagesToFetchmessagesToFetchmessagesToFetchmessagesToFetchmessagesToFetchmessagesToFetchmessagesToFetchmessagesToFetchmessagesToFetchmessagesToFetchmessagesToFetchmessagesToFetchmessagesToFetchmessagesToFetchmessagesToFetchmessagesToFetchmessagesToFetchmessagesToFetchmessagesToFetchmessagesToFetchmessagesToFetchmessagesToFetchmessagesToFetchmessagesToFetchmessagesToFetchmessagesToFetchmessagesToFetchmessagesToFetchmessagesToFetchmessagesToFetchmessagesToFetchmessagesToFetchmessagesToFetchmessagesToFetchmessagesToFetchmessagesToFetchmessagesToFetchmessagesToFetchmessagesToFetchmessagesToFetchmessagesToFetchmessagesToFetchmessagesToFetchmessagesToFetchmessagesToFetchmessagesToFetchmessagesToFetchmessagesToFetchmessagesToFetchmessagesToFetchmessagesToFetchmessagesToFetchmessagesToFetchmessagesToFetchmessagesToFetchmessagesToFetchmessagesToFetchmessagesToFetchmessagesToFetchmessagesToFetchmessagesToFetchmessagesToFetchmessagesToFetchmessagesToFetchmessagesToFetchmessagesToFetchmessagesToFetchmessagesToFetchmessagesToFetchmessagesToFetchmessagesToFetchmessagesToFetchmessagesToFetchmessagesToFetchmessagesToFetchmessagesToFetchmessagesToFetchmessagesToFetchmessagesToFetchmessagesToFetchmessagesToFetch',NULL),(344,1,45,'2023-03-16 11:33:16','2023-03-16 11:33:16','1',NULL),(345,1,45,'2023-03-16 11:33:20','2023-03-16 11:33:20','2',NULL),(346,1,45,'2023-03-16 11:33:25','2023-03-16 11:33:25','3',NULL),(347,1,45,'2023-03-16 11:33:30','2023-03-16 11:33:30','4',NULL),(348,1,45,'2023-03-16 11:33:33','2023-03-16 11:33:33','5',NULL),(349,1,45,'2023-03-16 11:33:38','2023-03-16 11:33:38','6',NULL),(350,1,45,'2023-03-16 11:33:45','2023-03-16 11:33:45','7',NULL),(351,1,45,'2023-03-16 11:33:53','2023-03-16 11:33:53','8',NULL),(352,1,45,'2023-03-16 11:33:58','2023-03-16 11:33:58','9',NULL),(353,1,45,'2023-03-17 10:46:22','2023-03-17 10:46:22','STOP SOROS!!4!!4!!4!!',NULL),(354,1,3074,'2023-03-21 13:09:10','2023-03-21 13:09:10','MINI FERI!',353);
/*!40000 ALTER TABLE `messages` ENABLE KEYS */;
UNLOCK TABLES;

--
-- Table structure for table `notifications`
--

DROP TABLE IF EXISTS `notifications`;
/*!40101 SET @saved_cs_client     = @@character_set_client */;
/*!50503 SET character_set_client = utf8mb4 */;
CREATE TABLE `notifications` (
  `notification_id` int NOT NULL AUTO_INCREMENT,
  `title` varchar(256) NOT NULL,
  `description` text,
  `url_path` text NOT NULL,
  `created_at` datetime NOT NULL DEFAULT (now()),
  `updated_at` datetime NOT NULL DEFAULT (now()),
  PRIMARY KEY (`notification_id`)
) ENGINE=InnoDB AUTO_INCREMENT=237 DEFAULT CHARSET=utf8mb4 COLLATE=utf8mb4_0900_ai_ci;
/*!40101 SET character_set_client = @saved_cs_client */;

--
-- Dumping data for table `notifications`
--

LOCK TABLES `notifications` WRITE;
/*!40000 ALTER TABLE `notifications` DISABLE KEYS */;
INSERT INTO `notifications` VALUES (9,'New message in 1','acwcwa','/group/1/287','2023-02-07 09:48:23','2023-02-07 09:48:23'),(10,'New message in 1','acwcwa','/group/1/287','2023-02-07 09:48:23','2023-02-07 09:48:23'),(11,'New message in 1','acwcwa','/group/1/287','2023-02-07 09:48:23','2023-02-07 09:48:23'),(12,'New message in 1','acwcwa','/group/1/287','2023-02-07 09:48:23','2023-02-07 09:48:23'),(13,'New message in 1','acwcwa','/group/1/287','2023-02-07 09:48:23','2023-02-07 09:48:23'),(14,'New message in 1','cawe3c','/group/1/288','2023-02-07 09:51:37','2023-02-07 09:51:37'),(15,'New message in 1','cawe3c','/group/1/288','2023-02-07 09:51:37','2023-02-07 09:51:37'),(16,'New message in 1','cawe3c','/group/1/288','2023-02-07 09:51:37','2023-02-07 09:51:37'),(17,'New message in 1','cawe3c','/group/1/288','2023-02-07 09:51:37','2023-02-07 09:51:37'),(18,'New message in 1','dadwad','/group/1/289','2023-02-07 09:54:18','2023-02-07 09:54:18'),(19,'New message in 1','dadwad','/group/1/289','2023-02-07 09:54:18','2023-02-07 09:54:18'),(20,'New message in 1','dadwad','/group/1/289','2023-02-07 09:54:18','2023-02-07 09:54:18'),(21,'New message in 1','dadwad','/group/1/289','2023-02-07 09:54:18','2023-02-07 09:54:18'),(22,'New message in 1','dadwad','/group/1/289','2023-02-07 09:54:18','2023-02-07 09:54:18'),(23,'New message in 1','cacea','/group/1/290','2023-02-07 09:57:42','2023-02-07 09:57:42'),(24,'New message in 1','cacea','/group/1/290','2023-02-07 09:57:42','2023-02-07 09:57:42'),(25,'New message in 1','cacea','/group/1/290','2023-02-07 09:57:42','2023-02-07 09:57:42'),(26,'New message in 1','32qrrf','/group/1/291','2023-02-07 09:59:25','2023-02-07 09:59:25'),(27,'New message in 1','32qrrf','/group/1/291','2023-02-07 09:59:25','2023-02-07 09:59:25'),(28,'New message in 1','32qrrf','/group/1/291','2023-02-07 09:59:25','2023-02-07 09:59:25'),(29,'New message in 1','32qrrf','/group/1/291','2023-02-07 09:59:25','2023-02-07 09:59:25'),(30,'New message in 1','32qrrf','/group/1/291','2023-02-07 09:59:25','2023-02-07 09:59:25'),(31,'New message in 1','brytrb','/group/1/292','2023-02-07 10:01:26','2023-02-07 10:01:26'),(32,'New message in 1','brytrb','/group/1/292','2023-02-07 10:01:26','2023-02-07 10:01:26'),(33,'New message in 1','brytrb','/group/1/292','2023-02-07 10:01:26','2023-02-07 10:01:26'),(34,'New message in 1','brytrb','/group/1/292','2023-02-07 10:01:26','2023-02-07 10:01:26'),(35,'New message in 1','brytrb','/group/1/292','2023-02-07 10:01:26','2023-02-07 10:01:26'),(36,'New message in 1','wqdqwdlkin','/group/1/293','2023-02-07 10:08:19','2023-02-07 10:08:19'),(37,'New message in 1','wqdqwdlkin','/group/1/293','2023-02-07 10:08:19','2023-02-07 10:08:19'),(38,'New message in 1','wqdqwdlkin','/group/1/293','2023-02-07 10:08:19','2023-02-07 10:08:19'),(39,'New message in 1','wqdqwdlkin','/group/1/293','2023-02-07 10:08:19','2023-02-07 10:08:19'),(40,'New message in 1','wqdqwdlkin','/group/1/293','2023-02-07 10:08:19','2023-02-07 10:08:19'),(41,'New message in 1','gesrnnuoges5nj;esgre\n*wafwa*\n**vaweva**','/group/1/294','2023-02-07 10:09:37','2023-02-07 10:09:37'),(42,'New message in 1','gesrnnuoges5nj;esgre\n*wafwa*\n**vaweva**','/group/1/294','2023-02-07 10:09:37','2023-02-07 13:10:33'),(43,'New message in 1','gesrnnuoges5nj;esgre\n*wafwa*\n**vaweva**','/group/1/294','2023-02-07 10:09:37','2023-02-07 10:09:37'),(44,'New message in 1','gesrnnuoges5nj;esgre\n*wafwa*\n**vaweva**','/group/1/294','2023-02-07 10:09:37','2023-02-07 10:09:37'),(45,'New message in 1','gesrnnuoges5nj;esgre\n*wafwa*\n**vaweva**','/group/1/294','2023-02-07 10:09:37','2023-02-07 10:09:37'),(46,'New message in 1','gesrnnuoges5nj;esgre\n*wafwa*\n**vaweva**','/group/1/294','2023-02-07 10:09:37','0000-00-00 00:00:00'),(47,'New message in 1','cum','/group/1/295','2023-02-07 10:21:32','2023-02-07 10:21:32'),(48,'New vote','testuser3 voted to your message','/groups/undefined/297','2023-02-08 10:18:02','2023-02-08 10:18:02'),(49,'New vote','testuser3 voted to your message','/groups/undefined/297','2023-02-08 10:20:26','2023-02-08 10:20:26'),(50,'New reaction','testuser3 reacted to your message','/groups/undefined/297','2023-02-08 12:20:18','2023-02-08 12:20:18'),(51,'New reaction','testuser3 reacted to your message','/groups/undefined/297','2023-02-08 12:21:07','2023-02-08 12:21:07'),(52,'New reaction','testuser3 reacted to your message','/groups/undefined/297','2023-02-08 12:21:10','2023-02-08 12:21:10'),(53,'New reaction','testuser3 reacted to your message','/groups/undefined/297','2023-02-08 12:21:12','2023-02-08 12:21:12'),(54,'New reaction','testuser3 reacted to your message','/groups/undefined/297','2023-02-08 12:21:13','2023-02-08 12:21:13'),(55,'You are no longer an admin in gta gang2',NULL,'/group-info/61','2023-02-08 12:53:31','2023-02-08 12:53:31'),(56,'You are now an admin in gta gang2',NULL,'/group-info/61','2023-02-08 12:53:36','2023-02-08 12:53:36'),(57,'You are no longer an admin in gta gang2',NULL,'/group-info/61','2023-02-08 12:53:40','2023-02-08 12:53:40'),(58,'You are now an admin in gta gang2',NULL,'/group-info/61','2023-02-08 12:53:44','2023-02-08 12:53:44'),(59,'gta gang2 has been deleted',NULL,'/','2023-02-08 13:09:07','2023-02-08 13:09:07'),(60,'New message in undefined','a','/group/1/message/300','2023-02-08 19:39:05','2023-02-08 19:39:05'),(61,'You were mentioned in undefined','a','/group/1/message/300','2023-02-08 19:39:05','2023-02-08 19:39:05'),(62,'New message in undefined','b','/group/1/message/301','2023-02-08 19:40:05','2023-02-08 19:40:05'),(63,'You were mentioned in undefined','b','/group/1/message/301','2023-02-08 19:40:05','2023-02-08 19:40:05'),(64,'New message in undefined','c','/group/1/message/302','2023-02-08 19:42:23','2023-02-08 19:42:23'),(65,'New message in undefined','d','/group/1/message/303','2023-02-08 19:43:14','2023-02-08 19:43:14'),(66,'New message in undefined','f','/group/1/message/305','2023-02-08 19:52:54','2023-02-09 17:14:55'),(67,'New message in Test channel','g','/group/1/message/306','2023-02-08 19:54:00','2023-02-08 19:54:00'),(68,'New message in Test channel','bug test','/group/1/message/307','2023-02-10 21:06:22','0000-00-00 00:00:00'),(69,'New private message from bartos','i','/user/45','2023-02-13 19:33:49','0000-00-00 00:00:00'),(70,'New private message from bartos','j','/user/45','2023-02-13 19:34:04','0000-00-00 00:00:00'),(71,'New reaction','testuser2 reacted to your message','/groups/undefined/message/141','2023-02-13 19:39:12','2023-02-13 19:39:12'),(72,'New reaction','bartos reacted to your message','/groups/undefined/message/141','2023-02-13 19:42:39','2023-02-13 19:42:39'),(73,'New message in Test channel','arghhh','/group/1/message/308','2023-02-13 19:49:41','2023-02-13 19:49:41'),(74,'New vote on your message','bartos voted to your message','/groups/1/message/308','2023-02-13 19:49:48','0000-00-00 00:00:00'),(75,'New reaction','bartos reacted to your message','/groups/undefined/message/308','2023-02-13 19:49:55','0000-00-00 00:00:00'),(76,'New vote on your message','testuser2 voted to your message','/groups/1/message/307','2023-02-13 19:52:01','2023-02-13 19:52:01'),(77,'New message in Test channel','fgh','/group/1/message/309','2023-02-13 20:02:51','2023-02-13 20:02:51'),(78,'New private message from bartos','f','/user/45','2023-02-14 12:16:34','0000-00-00 00:00:00'),(79,'New private message from bartos','a','/user/45','2023-02-21 20:38:41','0000-00-00 00:00:00'),(80,'New private message from testuser2','b','/user/3074','2023-02-21 20:39:03','2023-02-21 20:39:03'),(81,'New private message from Amanda_McKenzie','a','/user/2881','2023-02-22 11:06:29','0000-00-00 00:00:00'),(82,'New private message from testuser2','b','/user/3074','2023-02-22 11:06:43','2023-02-22 11:06:43'),(83,'undefined undefined sent you a friend request',NULL,'/users/3074','2023-02-22 11:21:22','2023-02-22 11:21:22'),(84,'undefined undefined sent you a friend request',NULL,'/users/3074','2023-02-22 11:23:02','2023-02-22 11:23:02'),(85,'test2 user2 sent you a friend request',NULL,'/users/3074','2023-02-22 11:23:50','2023-02-22 11:24:07'),(86,'test2 user2 sent you a friend request',NULL,'/user/3074','2023-02-22 11:24:26','2023-02-22 11:24:34'),(87,'Norval Balistreri accepted your friend request',NULL,'/user/2881','2023-02-22 11:24:41','0000-00-00 00:00:00'),(88,'Your member request has been accepted in affsd',NULL,'/group/62','2023-02-22 12:54:15','2023-02-22 12:54:15'),(89,'New reaction','bartos reacted to your message','/group/undefined/message/310','2023-02-22 12:54:44','2023-02-22 12:54:44'),(90,'New private message from bartos','r','/user/45','2023-02-22 13:28:19','2023-02-22 13:28:19'),(91,'New private message from bartos','a','/user/45','2023-02-22 13:34:52','2023-02-22 13:34:52'),(92,'New private message from bartos','b','/user/45','2023-02-22 13:37:02','2023-02-22 13:37:02'),(93,'New reaction','testuser2 reacted to your message','/group/undefined/message/11','2023-02-25 19:04:21','2023-02-25 19:04:21'),(94,'New vote on your message','testuser2 voted to your message','/group/1/message/101','2023-02-25 19:21:24','2023-02-25 19:21:24'),(95,'New reaction','testuser2 reacted to your message','/group/undefined/message/1','2023-02-25 20:02:49','2023-02-25 20:02:49'),(96,'New vote on your message','testuser2 voted to your message','/group/1/message/51','2023-02-25 20:24:08','2023-03-01 06:54:01'),(97,'New reaction','testuser2 reacted to your message','/group/undefined/message/11','2023-02-26 13:50:35','2023-02-26 13:50:35'),(98,'New message in Test channel','','/group/1/message/316','2023-02-26 13:50:56','2023-02-26 13:50:56'),(99,'New message in Test channel','','/group/1/message/317','2023-02-26 13:50:58','2023-02-26 13:50:58'),(100,'New message in Test channel','','/group/1/message/318','2023-02-26 13:51:04','2023-02-26 13:51:04'),(101,'New message in Test channel','','/group/1/message/319','2023-02-26 13:51:13','2023-02-26 13:51:13'),(102,'New message in Test channel','','/group/1/message/320','2023-02-26 13:51:15','2023-02-26 13:51:15'),(103,'New message in Test channel','','/group/1/message/321','2023-02-26 13:51:17','2023-02-26 13:51:17'),(104,'New message in Test channel','','/group/1/message/322','2023-02-26 13:51:19','2023-02-26 13:51:19'),(105,'New reaction','testuser2 reacted to your message','/group/undefined/message/11','2023-02-26 13:51:37','2023-02-26 13:51:37'),(106,'New reaction','testuser2 reacted to your message','/group/undefined/message/11','2023-02-26 13:51:45','2023-03-01 06:53:53'),(107,'New message in Test channel','','/group/1/message/323','2023-02-26 13:51:58','2023-02-26 13:51:58'),(108,'New message in Test channel','aa','/group/1/message/324','2023-02-26 14:24:44','2023-02-26 14:24:44'),(109,'New message in Test channel','a','/group/1/message/325','2023-02-26 14:25:45','2023-02-26 14:25:45'),(110,'New reaction','testuser2 reacted to your message','/group/undefined/message/141','2023-02-26 15:21:26','2023-02-26 15:21:26'),(111,'New message in Test channel','halo','/group/1/message/326','2023-02-27 12:31:21','2023-02-27 12:31:21'),(112,'New message in Test channel','k','/group/1/message/327','2023-02-27 12:31:41','2023-02-27 12:31:41'),(113,'New vote on your message','testuser2 voted to your message','/group/1/message/327','2023-02-27 12:31:48','0000-00-00 00:00:00'),(114,'New message in Test channel','hol a go b+','/group/1/message/328','2023-02-28 17:20:35','2023-02-28 17:20:35'),(115,'New message in Test channel','Jó ez a program\n','/group/1/message/329','2023-02-28 17:35:58','2023-02-28 17:35:58'),(116,'New message in Test channel','Jó munka!','/group/1/message/330','2023-02-28 17:36:46','2023-02-28 17:36:46'),(117,'New vote on your message','testuser2 voted to your message','/group/1/message/330','2023-02-28 17:36:57','0000-00-00 00:00:00'),(118,'New reaction','testuser2 reacted to your message','/group/undefined/message/330','2023-02-28 17:37:11','0000-00-00 00:00:00'),(119,'test2 user2 sent you a friend request',NULL,'/user/3074','2023-02-28 17:39:29','2023-02-28 17:39:29'),(120,'New private message from testuser2','uzenet vatgyok','/user/3074','2023-02-28 17:39:56','2023-02-28 17:39:56'),(121,'New reaction','bartos reacted to your message','/group/undefined/message/1','2023-03-01 06:59:17','2023-03-01 06:59:17'),(122,'New reaction','bartos reacted to your message','/group/undefined/message/1','2023-03-01 06:59:20','2023-03-01 06:59:20'),(123,'New message in Test channel','a','/group/1/message/331','2023-03-01 09:48:29','2023-03-01 09:48:29'),(124,'New message in Test channel','b','/group/1/message/332','2023-03-01 09:48:36','2023-03-01 09:48:36'),(125,'New vote on your message','bartos voted to your message','/group/1/message/332','2023-03-01 09:48:44','2023-03-01 09:48:44'),(126,'István Bartos accepted your friend request',NULL,'/user/45','2023-03-01 11:20:03','2023-03-01 11:20:03'),(127,'István Bartos accepted your friend request',NULL,'/user/45','2023-03-01 12:01:52','2023-03-01 12:01:52'),(128,'István Bartos accepted your friend request',NULL,'/user/45','2023-03-01 12:02:01','2023-03-01 12:02:01'),(129,'István Bartos accepted your friend request',NULL,'/user/45','2023-03-01 12:03:26','2023-03-01 12:03:26'),(130,'István Bartos accepted your friend request',NULL,'/user/45','2023-03-01 12:03:34','2023-03-01 12:03:34'),(131,'New private message from bartos','kjbVVVVVVVVVVVVVVVVVVbvueWIBV UIEVB UIWVfbyuiw VEYWFFHubvrrrrrrrrrrrrrrrrrrrrrrrrrrrrrrrrrrrrrrrrrrrrrrrr','/user/45','2023-03-01 17:18:00','2023-03-01 17:18:00'),(132,'New private message from bartos','kjbVVVVVVVVVVVVVVVVVVbvueWIBV UIEVB UIWVfbyuiw VEYWFFHubvrrrrrrrrrrrrrrrrrrrrrrrrrrrrrrrrrrrrrrrrrrrrrrrr','/user/45','2023-03-01 17:18:48','2023-03-01 17:18:48'),(133,'Your member request has been accepted in Test channel2',NULL,'/group/1','2023-03-02 15:42:12','2023-03-02 15:42:43'),(134,'New message in Test channel2','yaay!','/group/1/message/333','2023-03-02 15:43:08','2023-03-02 15:43:08'),(135,'You are now an admin in Test channel2',NULL,'/group/1/info','2023-03-03 08:05:12','2023-03-03 08:05:12'),(136,'You are no longer an admin in Test channel2',NULL,'/group/1/info','2023-03-03 08:05:18','2023-03-03 08:05:18'),(137,'You are now an admin in Test channel2',NULL,'/group/1/info','2023-03-03 08:05:24','2023-03-03 08:05:24'),(138,'You are no longer an admin in Test channel2',NULL,'/group/1/info','2023-03-03 08:05:28','2023-03-03 08:05:28'),(139,'You are no longer an admin in Test channel2',NULL,'/group/1/info','2023-03-03 12:24:43','0000-00-00 00:00:00'),(140,'You are now an admin in Test channel2',NULL,'/group/1/info','2023-03-03 12:24:51','0000-00-00 00:00:00'),(141,'You are no longer an admin in Test channel2',NULL,'/group/1/info','2023-03-03 13:53:23','2023-03-03 13:53:23'),(142,'You are now an admin in Test channel2',NULL,'/group/1/info','2023-03-03 13:53:26','2023-03-03 13:53:26'),(143,'[object Object],[object Object] sent a member request to Test channel',NULL,'/group/1/admin','2023-03-06 16:10:41','2023-03-06 16:10:41'),(144,'[object Object],[object Object] sent a member request to Test channel',NULL,'/group/1/admin','2023-03-06 16:15:30','2023-03-06 16:15:30'),(145,'[object Object],[object Object] sent a member request to Test channel',NULL,'/group/1/admin','2023-03-06 16:16:45','2023-03-06 16:16:45'),(146,'[object Object],[object Object] sent a member request to Test channel',NULL,'/group/1/admin','2023-03-06 16:17:29','2023-03-06 16:17:29'),(147,'[object Object],[object Object] sent a member request to Test channel',NULL,'/group/1/admin','2023-03-06 16:19:23','0000-00-00 00:00:00'),(148,'[object Object],[object Object] sent a member request to Test channel',NULL,'/group/1/admin','2023-03-06 16:20:46','0000-00-00 00:00:00'),(149,'[object Object],[object Object] sent a member request to Test channel',NULL,'/group/1/admin','2023-03-06 16:53:00','0000-00-00 00:00:00'),(150,'[object Object],[object Object] sent a member request to Test channel',NULL,'/group/1/admin','2023-03-06 16:56:02','0000-00-00 00:00:00'),(151,'[object Object],[object Object] sent a member request to Test channel',NULL,'/group/1/admin','2023-03-06 17:26:31','0000-00-00 00:00:00'),(152,'[object Object],[object Object] sent a member request to Test channel',NULL,'/group/1/admin','2023-03-06 17:27:29','0000-00-00 00:00:00'),(153,'testuser sent a member request to Test channel',NULL,'/group/1/admin','2023-03-06 17:43:22','0000-00-00 00:00:00'),(154,'testuser2 sent a member request to Test channel',NULL,'/group/1/admin','2023-03-06 18:12:04','2023-03-06 18:13:30'),(155,'Your member request has been accepted in Test channel',NULL,'/group/1','2023-03-06 18:13:41','0000-00-00 00:00:00'),(156,'You are now an admin in Test channel',NULL,'/group/1/info','2023-03-06 18:13:47','0000-00-00 00:00:00'),(157,'testuser2 sent a member request to Test channel',NULL,'/group/1/admin','2023-03-06 18:18:36','2023-03-06 18:18:36'),(158,'Your member request has been accepted in Test channel',NULL,'/group/1','2023-03-06 18:18:56','0000-00-00 00:00:00'),(159,'You are now an admin in Test channel',NULL,'/group/1/info','2023-03-06 18:19:01','0000-00-00 00:00:00'),(160,'Your member request has been accepted in Test channel',NULL,'/group/1','2023-03-06 18:19:07','2023-03-06 18:19:07'),(161,'You has been kicked from Test channel','Kick doesn\'t mean ban: try to send a member request','/group/1/info','2023-03-07 09:16:29','2023-03-07 15:17:40'),(162,'New reaction','testuser reacted to your message','/group/undefined/message/1','2023-03-07 09:26:45','2023-03-07 09:26:45'),(163,'New message in Test channel','open group test!!!!\nAron egy gyasz\n\n\nZsombor is','/group/1/message/334','2023-03-07 09:27:36','2023-03-07 09:27:36'),(164,'New message in Test channel','halo','/group/1/message/335','2023-03-07 09:28:21','2023-03-07 09:28:21'),(165,'New message in Test channel','Aron egy gyasz','/group/1/message/336','2023-03-07 09:28:33','0000-00-00 00:00:00'),(166,'New vote on your message','testuser voted to your message','/group/1/message/336','2023-03-07 09:28:41','2023-03-07 09:28:41'),(167,'New reaction','testuser reacted to your message','/group/undefined/message/336','2023-03-07 09:28:49','2023-03-07 09:28:49'),(168,'testuser sent a member request to Test channel',NULL,'/group/1/admin','2023-03-07 09:29:07','0000-00-00 00:00:00'),(169,'test user accepted your friend request',NULL,'/user/3073','2023-03-07 15:08:57','2023-03-07 15:08:57'),(170,'test user accepted your friend request',NULL,'/user/3073','2023-03-07 15:09:05','2023-03-07 15:09:05'),(171,'testuser sent a member request to Test channel',NULL,'/group/1/admin','2023-03-08 19:49:55','0000-00-00 00:00:00'),(172,'Your member request has been accepted in Test channel',NULL,'/group/1','2023-03-08 19:50:05','2023-03-08 19:50:05'),(173,'You has been banned from Test channel',NULL,'/group/1/info','2023-03-08 19:50:09','2023-03-08 19:50:09'),(174,'You has been unbanned from Test channel','You can now send a member request and see if the admins let you go back','/group/1/info','2023-03-08 20:01:32','2023-03-11 15:13:44'),(175,'New message in Test channel','teszt','/group/1/message/337','2023-03-09 18:53:26','0000-00-00 00:00:00'),(176,'New message in Test channel','mondom teszt te szerencsetlen','/group/1/message/338','2023-03-09 18:54:46','2023-03-09 18:54:46'),(177,'New reaction','testuser reacted to your message','/group/undefined/message/338','2023-03-09 18:55:04','2023-03-09 18:55:04'),(178,'New message in Test channel','a','/group/1/message/339','2023-03-09 18:55:30','2023-03-09 18:55:30'),(179,'New message in Test channel','na','/group/1/message/340','2023-03-09 18:55:46','2023-03-09 18:55:46'),(180,'New reaction','testuser2 reacted to your message','/group/undefined/message/131','2023-03-11 16:52:45','2023-03-15 15:54:17'),(181,'New message in Test channel','?','/group/1/message/341','2023-03-11 16:52:58','2023-03-11 16:52:58'),(182,'New vote on your message','testuser2 voted to your message','/group/1/message/341','2023-03-11 16:53:03','0000-00-00 00:00:00'),(183,'New message in Test channel','a','/group/1/message/342','2023-03-11 17:15:23','2023-03-11 17:15:23'),(184,'New vote on your message','testuser2 voted to your message','/group/1/message/328','2023-03-12 13:19:15','0000-00-00 00:00:00'),(185,'New reaction','bartos reacted to your message','/group/undefined/message/1','2023-03-15 15:29:02','2023-03-15 15:29:02'),(186,'New reaction','bartos reacted to your message','/group/undefined/message/1','2023-03-15 15:29:08','2023-03-15 15:52:42'),(187,'New message in Test channel','messagesToFetchmessagesToFetchmessagesToFetchmessagesToFetchmessagesToFetchmessagesToFetchmessagesToFetchmessagesToFetchmessagesToFetchmessagesToFetchmessagesToFetchmessagesToFetchmessagesToFetchmessagesToFetchmessagesToFetchmessagesToFetchmessagesToFetchmessagesToFetchmessagesToFetchmessagesToFetchmessagesToFetchmessagesToFetchmessagesToFetchmessagesToFetchmessagesToFetchmessagesToFetchmessagesToFetchmessagesToFetchmessagesToFetchmessagesToFetchmessagesToFetchmessagesToFetchmessagesToFetchmessagesToFetchmessagesToFetchmessagesToFetchmessagesToFetchmessagesToFetchmessagesToFetchmessagesToFetchmessagesToFetchmessagesToFetchmessagesToFetchmessagesToFetchmessagesToFetchmessagesToFetchmessagesToFetchmessagesToFetchmessagesToFetchmessagesToFetchmessagesToFetchmessagesToFetchmessagesToFetchmessagesToFetchmessagesToFetchmessagesToFetchmessagesToFetchmessagesToFetchmessagesToFetchmessagesToFetchmessagesToFetchmessagesToFetchmessagesToFetchmessagesToFetchmessagesToFetchmessagesToFetchmessagesToFetchmessagesToFetchmessagesToFetchmessagesToFetchmessagesToFetchmessagesToFetchmessagesToFetchmessagesToFetchmessagesToFetchmessagesToFetchmessagesToFetchmessagesToFetchmessagesToFetchmessagesToFetchmessagesToFetchmessagesToFetchmessagesToFetchmessagesToFetchmessagesToFetchmessagesToFetchmessagesToFetchmessagesToFetchmessagesToFetchmessagesToFetchmessagesToFetchmessagesToFetchmessagesToFetchmessagesToFetchmessagesToFetchmessagesToFetchmessagesToFetchmessagesToFetchmessagesToFetchmessagesToFetchmessagesToFetchmessagesToFetchmessagesToFetchmessagesToFetchmessagesToFetchmessagesToFetchmessagesToFetchmessagesToFetchmessagesToFetchmessagesToFetchmessagesToFetchmessagesToFetchmessagesToFetchmessagesToFetchmessagesToFetchmessagesToFetchmessagesToFetchmessagesToFetchmessagesToFetchmessagesToFetchmessagesToFetchmessagesToFetchmessagesToFetchmessagesToFetchmessagesToFetchmessagesToFetchmessagesToFetchmessagesToFetchmessagesToFetchmessagesToFetchmessagesToFetchmessagesToFetchmessagesToFetchmessagesToFetchmessagesToFetchmessagesToFetchmessagesToFetchmessagesToFetchmessagesToFetchmessagesToFetchmessagesToFetchmessagesToFetchmessagesToFetchmessagesToFetchmessagesToFetchmessagesToFetchmessagesToFetchmessagesToFetchmessagesToFetchmessagesToFetchmessagesToFetchmessagesToFetchmessagesToFetchmessagesToFetchmessagesToFetchmessagesToFetchmessagesToFetchmessagesToFetchmessagesToFetchmessagesToFetchmessagesToFetchmessagesToFetchmessagesToFetchmessagesToFetchmessagesToFetchmessagesToFetchmessagesToFetchmessagesToFetchmessagesToFetchmessagesToFetchmessagesToFetchmessagesToFetchmessagesToFetchmessagesToFetchmessagesToFetchmessagesToFetchmessagesToFetchmessagesToFetchmessagesToFetchmessagesToFetchmessagesToFetchmessagesToFetchmessagesToFetchmessagesToFetchmessagesToFetchmessagesToFetchmessagesToFetchmessagesToFetchmessagesToFetchmessagesToFetchmessagesToFetchmessagesToFetchmessagesToFetchmessagesToFetchmessagesToFetchmessagesToFetchmessagesToFetchmessagesToFetchmessagesToFetchmessagesToFetchmessagesToFetchmessagesToFetchmessagesToFetchmessagesToFetchmessagesToFetchmessagesToFetchmessagesToFetchmessagesToFetchmessagesToFetchmessagesToFetchmessagesToFetchmessagesToFetchmessagesToFetchmessagesToFetchmessagesToFetchmessagesToFetchmessagesToFetchmessagesToFetchmessagesToFetchmessagesToFetchmessagesToFetchmessagesToFetchmessagesToFetchmessagesToFetchmessagesToFetchmessagesToFetchmessagesToFetchmessagesToFetchmessagesToFetchmessagesToFetchmessagesToFetchmessagesToFetchmessagesToFetchmessagesToFetchmessagesToFetchmessagesToFetchmessagesToFetchmessagesToFetchmessagesToFetchmessagesToFetchmessagesToFetchmessagesToFetchmessagesToFetchmessagesToFetchmessagesToFetchmessagesToFetchmessagesToFetchmessagesToFetchmessagesToFetchmessagesToFetchmessagesToFetchmessagesToFetchmessagesToFetchmessagesToFetchmessagesToFetchmessagesToFetchmessagesToFetchmessagesToFetchmessagesToFetchmessagesToFetchmessagesToFetchmessagesToFetchmessagesToFetchmessagesToFetchmessagesToFetchmessagesToFetchmessagesToFetchmessagesToFetchmessagesToFetchmessagesToFetchmessagesToFetchmessagesToFetchmessagesToFetchmessagesToFetchmessagesToFetchmessagesToFetchmessagesToFetchmessagesToFetchmessagesToFetchmessagesToFetchmessagesToFetchmessagesToFetchmessagesToFetchmessagesToFetchmessagesToFetchmessagesToFetchmessagesToFetchmessagesToFetchmessagesToFetchmessagesToFetchmessagesToFetchmessagesToFetchmessagesToFetchmessagesToFetchmessagesToFetchmessagesToFetchmessagesToFetchmessagesToFetchmessagesToFetchmessagesToFetchmessagesToFetchmessagesToFetchmessagesToFetchmessagesToFetchmessagesToFetchmessagesToFetchmessagesToFetchmessagesToFetchmessagesToFetchmessagesToFetchmessagesToFetchmessagesToFetchmessagesToFetchmessagesToFetchmessagesToFetchmessagesToFetchmessagesToFetchmessagesToFetchmessagesToFetchmessagesToFetchmessagesToFetchmessagesToFetchmessagesToFetchmessagesToFetchmessagesToFetchmessagesToFetchmessagesToFetchmessagesToFetchmessagesToFetchmessagesToFetchmessagesToFetchmessagesToFetchmessagesToFetchmessagesToFetchmessagesToFetchmessagesToFetchmessagesToFetchmessagesToFetchmessagesToFetchmessagesToFetchmessagesToFetchmessagesToFetchmessagesToFetchmessagesToFetchmessagesToFetchmessagesToFetchmessagesToFetchmessagesToFetchmessagesToFetchmessagesToFetchmessagesToFetchmessagesToFetchmessagesToFetchmessagesToFetchmessagesToFetchmessagesToFetchmessagesToFetchmessagesToFetchmessagesToFetchmessagesToFetchmessagesToFetchmessagesToFetchmessagesToFetchmessagesToFetchmessagesToFetchmessagesToFetchmessagesToFetchmessagesToFetchmessagesToFetchmessagesToFetchmessagesToFetchmessagesToFetchmessagesToFetchmessagesToFetchmessagesToFetchmessagesToFetchmessagesToFetchmessagesToFetchmessagesToFetchmessagesToFetchmessagesToFetchmessagesToFetchmessagesToFetchmessagesToFetchmessagesToFetchmessagesToFetchmessagesToFetchmessagesToFetchmessagesToFetchmessagesToFetchmessagesToFetchmessagesToFetchmessagesToFetchmessagesToFetchmessagesToFetchmessagesToFetchmessagesToFetchmessagesToFetchmessagesToFetchmessagesToFetchmessagesToFetchmessagesToFetchmessagesToFetchmessagesToFetchmessagesToFetchmessagesToFetchmessagesToFetchmessagesToFetchmessagesToFetchmessagesToFetchmessagesToFetchmessagesToFetchmessagesToFetchmessagesToFetchmessagesToFetchmessagesToFetchmessagesToFetchmessagesToFetchmessagesToFetchmessagesToFetchmessagesToFetchmessagesToFetchmessagesToFetchmessagesToFetchmessagesToFetchmessagesToFetchmessagesToFetchmessagesToFetchmessagesToFetchmessagesToFetchmessagesToFetchmessagesToFetchmessagesToFetchmessagesToFetchmessagesToFetchmessagesToFetchmessagesToFetchmessagesToFetchmessagesToFetchmessagesToFetchmessagesToFetchmessagesToFetchmessagesToFetchmessagesToFetchmessagesToFetchmessagesToFetchmessagesToFetchmessagesToFetchmessagesToFetchmessagesToFetchmessagesToFetchmessagesToFetchmessagesToFetchmessagesToFetchmessagesToFetchmessagesToFetchmessagesToFetchmessagesToFetchmessagesToFetchmessagesToFetchmessagesToFetchmessagesToFetchmessagesToFetchmessagesToFetchmessagesToFetchmessagesToFetchmessagesToFetchmessagesToFetchmessagesToFetchmessagesToFetchmessagesToFetchmessagesToFetchmessagesToFetchmessagesToFetchmessagesToFetchmessagesToFetchmessagesToFetchmessagesToFetchmessagesToFetchmessagesToFetchmessagesToFetchmessagesToFetchmessagesToFetchmessagesToFetchmessagesToFetchmessagesToFetchmessagesToFetchmessagesToFetchmessagesToFetchmessagesToFetchmessagesToFetchmessagesToFetchmessagesToFetchmessagesToFetchmessagesToFetchmessagesToFetchmessagesToFetchmessagesToFetchmessagesToFetchmessagesToFetchmessagesToFetchmessagesToFetchmessagesToFetchmessagesToFetchmessagesToFetchmessagesToFetchmessagesToFetchmessagesToFetchmessagesToFetchmessagesToFetchmessagesToFetchmessagesToFetchmessagesToFetchmessagesToFetchmessagesToFetchmessagesToFetchmessagesToFetchmessagesToFetchmessagesToFetchmessagesToFetchmessagesToFetchmessagesToFetchmessagesToFetchmessagesToFetchmessagesToFetchmessagesToFetchmessagesToFetchmessagesToFetchmessagesToFetchmessagesToFetchmessagesToFetchmessagesToFetchmessagesToFetchmessagesToFetchmessagesToFetchmessagesToFetchmessagesToFetchmessagesToFetchmessagesToFetchmessagesToFetchmessagesToFetchmessagesToFetchmessagesToFetchmessagesToFetchmessagesToFetchmessagesToFetchmessagesToFetchmessagesToFetchmessagesToFetchmessagesToFetchmessagesToFetchmessagesToFetchmessagesToFetchmessagesToFetchmessagesToFetchmessagesToFetchmessagesToFetchmessagesToFetchmessagesToFetchmessagesToFetchmessagesToFetchmessagesToFetchmessagesToFetchmessagesToFetchmessagesToFetchmessagesToFetchmessagesToFetchmessagesToFetchmessagesToFetchmessagesToFetchmessagesToFetchmessagesToFetchmessagesToFetchmessagesToFetchmessagesToFetchmessagesToFetchmessagesToFetchmessagesToFetchmessagesToFetchmessagesToFetchmessagesToFetchmessagesToFetchmessagesToFetchmessagesToFetchmessagesToFetchmessagesToFetchmessagesToFetchmessagesToFetchmessagesToFetchmessagesToFetchmessagesToFetchmessagesToFetchmessagesToFetchmessagesToFetchmessagesToFetchmessagesToFetchmessagesToFetchmessagesToFetchmessagesToFetchmessagesToFetchmessagesToFetchmessagesToFetchmessagesToFetchmessagesToFetchmessagesToFetchmessagesToFetchmessagesToFetchmessagesToFetchmessagesToFetchmessagesToFetchmessagesToFetchmessagesToFetchmessagesToFetchmessagesToFetchmessagesToFetchmessagesToFetchmessagesToFetchmessagesToFetchmessagesToFetchmessagesToFetchmessagesToFetchmessagesToFetchmessagesToFetchmessagesToFetchmessagesToFetchmessagesToFetchmessagesToFetchmessagesToFetchmessagesToFetchmessagesToFetchmessagesToFetchmessagesToFetchmessagesToFetchmessagesToFetchmessagesToFetchmessagesToFetchmessagesToFetchmessagesToFetchmessagesToFetchmessagesToFetchmessagesToFetchmessagesToFetchmessagesToFetchmessagesToFetchmessagesToFetchmessagesToFetchmessagesToFetchmessagesToFetchmessagesToFetchmessagesToFetchmessagesToFetchmessagesToFetchmessagesToFetchmessagesToFetchmessagesToFetchmessagesToFetchmessagesToFetchmessagesToFetchmessagesToFetchmessagesToFetchmessagesToFetchmessagesToFetchmessagesToFetchmessagesToFetchmessagesToFetchmessagesToFetchmessagesToFetchmessagesToFetchmessagesToFetchmessagesToFetchmessagesToFetchmessagesToFetchmessagesToFetchmessagesToFetchmessagesToFetchmessagesToFetchmessagesToFetchmessagesToFetchmessagesToFetchmessagesToFetchmessagesToFetchmessagesToFetchmessagesToFetchmessagesToFetchmessagesToFetchmessagesToFetchmessagesToFetchmessagesToFetchmessagesToFetchmessagesToFetchmessagesToFetchmessagesToFetchmessagesToFetchmessagesToFetchmessagesToFetchmessagesToFetchmessagesToFetchmessagesToFetchmessagesToFetchmessagesToFetch','/group/1/message/343','2023-03-15 15:30:03','2023-03-15 15:30:03'),(188,'New private message from bartos','messagesToFetchmessagesToFetchmessagesToFetchmessagesToFetchmessagesToFetchmessagesToFetchmessagesToFetchmessagesToFetchmessagesToFetchmessagesToFetchmessagesToFetchmessagesToFetchmessagesToFetchmessagesToFetchmessagesToFetchmessagesToFetchmessagesToFetchmessagesToFetchmessagesToFetchmessagesToFetchmessagesToFetchmessagesToFetchmessagesToFetchmessagesToFetchmessagesToFetchmessagesToFetchmessagesToFetchmessagesToFetchmessagesToFetchmessagesToFetchmessagesToFetchmessagesToFetchmessagesToFetchmessagesToFetchmessagesToFetchmessagesToFetchmessagesToFetchmessagesToFetchmessagesToFetchmessagesToFetchmessagesToFetchmessagesToFetchmessagesToFetchmessagesToFetchmessagesToFetchmessagesToFetchmessagesToFetchmessagesToFetchmessagesToFetchmessagesToFetchmessagesToFetchmessagesToFetchmessagesToFetchmessagesToFetchmessagesToFetchmessagesToFetchmessagesToFetchmessagesToFetchmessagesToFetchmessagesToFetchmessagesToFetchmessagesToFetchmessagesToFetchmessagesToFetchmessagesToFetchmessagesToFetchmessagesToFetchmessagesToFetchmessagesToFetchmessagesToFetchmessagesToFetchmessagesToFetchmessagesToFetchmessagesToFetchmessagesToFetchmessagesToFetchmessagesToFetchmessagesToFetchmessagesToFetchmessagesToFetchmessagesToFetchmessagesToFetchmessagesToFetchmessagesToFetchmessagesToFetchmessagesToFetchmessagesToFetchmessagesToFetchmessagesToFetchmessagesToFetchmessagesToFetchmessagesToFetchmessagesToFetchmessagesToFetchmessagesToFetchmessagesToFetchmessagesToFetchmessagesToFetchmessagesToFetchmessagesToFetchmessagesToFetchmessagesToFetchmessagesToFetchmessagesToFetchmessagesToFetchmessagesToFetchmessagesToFetchmessagesToFetchmessagesToFetchmessagesToFetchmessagesToFetchmessagesToFetchmessagesToFetchmessagesToFetchmessagesToFetchmessagesToFetchmessagesToFetchmessagesToFetchmessagesToFetchmessagesToFetchmessagesToFetchmessagesToFetchmessagesToFetchmessagesToFetchmessagesToFetchmessagesToFetchmessagesToFetchmessagesToFetchmessagesToFetchmessagesToFetchmessagesToFetchmessagesToFetchmessagesToFetchmessagesToFetchmessagesToFetchmessagesToFetchmessagesToFetchmessagesToFetchmessagesToFetchmessagesToFetchmessagesToFetchmessagesToFetchmessagesToFetchmessagesToFetchmessagesToFetchmessagesToFetchmessagesToFetchmessagesToFetchmessagesToFetchmessagesToFetchmessagesToFetchmessagesToFetchmessagesToFetchmessagesToFetchmessagesToFetchmessagesToFetchmessagesToFetchmessagesToFetchmessagesToFetchmessagesToFetchmessagesToFetchmessagesToFetchmessagesToFetchmessagesToFetchmessagesToFetchmessagesToFetchmessagesToFetchmessagesToFetchmessagesToFetchmessagesToFetchmessagesToFetchmessagesToFetchmessagesToFetchmessagesToFetchmessagesToFetchmessagesToFetchmessagesToFetchmessagesToFetchmessagesToFetchmessagesToFetchmessagesToFetchmessagesToFetchmessagesToFetchmessagesToFetchmessagesToFetchmessagesToFetchmessagesToFetchmessagesToFetchmessagesToFetchmessagesToFetchmessagesToFetchmessagesToFetchmessagesToFetchmessagesToFetchmessagesToFetchmessagesToFetchmessagesToFetchmessagesToFetchmessagesToFetchmessagesToFetchmessagesToFetchmessagesToFetchmessagesToFetchmessagesToFetchmessagesToFetchmessagesToFetchmessagesToFetchmessagesToFetchmessagesToFetchmessagesToFetchmessagesToFetchmessagesToFetchmessagesToFetchmessagesToFetchmessagesToFetchmessagesToFetchmessagesToFetchmessagesToFetchmessagesToFetchmessagesToFetchmessagesToFetchmessagesToFetchmessagesToFetchmessagesToFetchmessagesToFetchmessagesToFetchmessagesToFetchmessagesToFetchmessagesToFetchmessagesToFetchmessagesToFetchmessagesToFetchmessagesToFetchmessagesToFetchmessagesToFetchmessagesToFetchmessagesToFetchmessagesToFetchmessagesToFetchmessagesToFetchmessagesToFetchmessagesToFetchmessagesToFetchmessagesToFetchmessagesToFetchmessagesToFetchmessagesToFetchmessagesToFetchmessagesToFetchmessagesToFetchmessagesToFetchmessagesToFetchmessagesToFetchmessagesToFetchmessagesToFetchmessagesToFetchmessagesToFetchmessagesToFetchmessagesToFetchmessagesToFetchmessagesToFetchmessagesToFetchmessagesToFetchmessagesToFetchmessagesToFetchmessagesToFetchmessagesToFetchmessagesToFetchmessagesToFetchmessagesToFetchmessagesToFetchmessagesToFetchmessagesToFetchmessagesToFetchmessagesToFetchmessagesToFetchmessagesToFetchmessagesToFetchmessagesToFetchmessagesToFetchmessagesToFetchmessagesToFetchmessagesToFetchmessagesToFetchmessagesToFetchmessagesToFetchmessagesToFetchmessagesToFetchmessagesToFetchmessagesToFetchmessagesToFetchmessagesToFetchmessagesToFetchmessagesToFetchmessagesToFetchmessagesToFetchmessagesToFetchmessagesToFetchmessagesToFetchmessagesToFetchmessagesToFetchmessagesToFetchmessagesToFetchmessagesToFetchmessagesToFetchmessagesToFetchmessagesToFetchmessagesToFetchmessagesToFetchmessagesToFetchmessagesToFetchmessagesToFetchmessagesToFetchmessagesToFetchmessagesToFetchmessagesToFetchmessagesToFetchmessagesToFetchmessagesToFetchmessagesToFetchmessagesToFetchmessagesToFetchmessagesToFetchmessagesToFetchmessagesToFetchmessagesToFetchmessagesToFetchmessagesToFetchmessagesToFetchmessagesToFetchmessagesToFetchmessagesToFetchmessagesToFetchmessagesToFetchmessagesToFetchmessagesToFetchmessagesToFetchmessagesToFetchmessagesToFetchmessagesToFetchmessagesToFetchmessagesToFetchmessagesToFetchmessagesToFetchmessagesToFetchmessagesToFetchmessagesToFetchmessagesToFetchmessagesToFetchmessagesToFetchmessagesToFetchmessagesToFetchmessagesToFetchmessagesToFetchmessagesToFetchmessagesToFetchmessagesToFetchmessagesToFetchmessagesToFetchmessagesToFetchmessagesToFetchmessagesToFetchmessagesToFetchmessagesToFetchmessagesToFetchmessagesToFetchmessagesToFetchmessagesToFetchmessagesToFetchmessagesToFetchmessagesToFetchmessagesToFetchmessagesToFetchmessagesToFetchmessagesToFetchmessagesToFetchmessagesToFetchmessagesToFetchmessagesToFetchmessagesToFetchmessagesToFetchmessagesToFetchmessagesToFetchmessagesToFetchmessagesToFetchmessagesToFetchmessagesToFetchmessagesToFetchmessagesToFetchmessagesToFetchmessagesToFetchmessagesToFetchmessagesToFetchmessagesToFetchmessagesToFetchmessagesToFetchmessagesToFetchmessagesToFetchmessagesToFetchmessagesToFetchmessagesToFetchmessagesToFetchmessagesToFetchmessagesToFetchmessagesToFetchmessagesToFetchmessagesToFetchmessagesToFetchmessagesToFetchmessagesToFetchmessagesToFetchmessagesToFetchmessagesToFetchmessagesToFetchmessagesToFetchmessagesToFetchmessagesToFetchmessagesToFetchmessagesToFetchmessagesToFetchmessagesToFetchmessagesToFetchmessagesToFetchmessagesToFetchmessagesToFetchmessagesToFetchmessagesToFetchmessagesToFetchmessagesToFetchmessagesToFetchmessagesToFetchmessagesToFetchmessagesToFetchmessagesToFetchmessagesToFetchmessagesToFetchmessagesToFetchmessagesToFetchmessagesToFetchmessagesToFetchmessagesToFetchmessagesToFetchmessagesToFetchmessagesToFetchmessagesToFetchmessagesToFetchmessagesToFetchmessagesToFetchmessagesToFetchmessagesToFetchmessagesToFetchmessagesToFetchmessagesToFetchmessagesToFetchmessagesToFetchmessagesToFetchmessagesToFetchmessagesToFetchmessagesToFetchmessagesToFetchmessagesToFetchmessagesToFetchmessagesToFetchmessagesToFetchmessagesToFetchmessagesToFetchmessagesToFetchmessagesToFetchmessagesToFetchmessagesToFetchmessagesToFetchmessagesToFetchmessagesToFetchmessagesToFetchmessagesToFetchmessagesToFetchmessagesToFetchmessagesToFetchmessagesToFetchmessagesToFetchmessagesToFetchmessagesToFetchmessagesToFetchmessagesToFetchmessagesToFetchmessagesToFetchmessagesToFetchmessagesToFetchmessagesToFetchmessagesToFetchmessagesToFetchmessagesToFetchmessagesToFetchmessagesToFetchmessagesToFetchmessagesToFetchmessagesToFetchmessagesToFetchmessagesToFetchmessagesToFetchmessagesToFetchmessagesToFetchmessagesToFetchmessagesToFetchmessagesToFetchmessagesToFetchmessagesToFetchmessagesToFetchmessagesToFetchmessagesToFetchmessagesToFetchmessagesToFetchmessagesToFetchmessagesToFetchmessagesToFetchmessagesToFetchmessagesToFetchmessagesToFetchmessagesToFetchmessagesToFetchmessagesToFetchmessagesToFetchmessagesToFetchmessagesToFetchmessagesToFetchmessagesToFetchmessagesToFetchmessagesToFetchmessagesToFetchmessagesToFetchmessagesToFetchmessagesToFetchmessagesToFetchmessagesToFetchmessagesToFetchmessagesToFetchmessagesToFetchmessagesToFetchmessagesToFetchmessagesToFetchmessagesToFetchmessagesToFetchmessagesToFetchmessagesToFetchmessagesToFetchmessagesToFetchmessagesToFetchmessagesToFetchmessagesToFetchmessagesToFetchmessagesToFetchmessagesToFetchmessagesToFetchmessagesToFetchmessagesToFetchmessagesToFetchmessagesToFetchmessagesToFetchmessagesToFetchmessagesToFetchmessagesToFetchmessagesToFetchmessagesToFetchmessagesToFetchmessagesToFetchmessagesToFetchmessagesToFetchmessagesToFetchmessagesToFetchmessagesToFetchmessagesToFetchmessagesToFetchmessagesToFetchmessagesToFetchmessagesToFetchmessagesToFetchmessagesToFetchmessagesToFetchmessagesToFetchmessagesToFetchmessagesToFetchmessagesToFetchmessagesToFetchmessagesToFetchmessagesToFetchmessagesToFetchmessagesToFetchmessagesToFetchmessagesToFetchmessagesToFetchmessagesToFetchmessagesToFetchmessagesToFetchmessagesToFetchmessagesToFetchmessagesToFetchmessagesToFetchmessagesToFetchmessagesToFetchmessagesToFetchmessagesToFetchmessagesToFetchmessagesToFetchmessagesToFetchmessagesToFetchmessagesToFetchmessagesToFetchmessagesToFetchmessagesToFetchmessagesToFetchmessagesToFetchmessagesToFetchmessagesToFetchmessagesToFetchmessagesToFetchmessagesToFetchmessagesToFetchmessagesToFetchmessagesToFetchmessagesToFetchmessagesToFetchmessagesToFetchmessagesToFetchmessagesToFetchmessagesToFetchmessagesToFetchmessagesToFetchmessagesToFetchmessagesToFetchmessagesToFetchmessagesToFetchmessagesToFetchmessagesToFetchmessagesToFetchmessagesToFetchmessagesToFetchmessagesToFetchmessagesToFetchmessagesToFetchmessagesToFetchmessagesToFetchmessagesToFetchmessagesToFetchmessagesToFetchmessagesToFetchmessagesToFetchmessagesToFetchmessagesToFetchmessagesToFetchmessagesToFetchmessagesToFetchmessagesToFetchmessagesToFetchmessagesToFetchmessagesToFetchmessagesToFetchmessagesToFetchmessagesToFetchmessagesToFetchmessagesToFetchmessagesToFetchmessagesToFetchmessagesToFetchmessagesToFetchmessagesToFetchmessagesToFetchmessagesToFetchmessagesToFetchmessagesToFetchmessagesToFetchmessagesToFetchmessagesToFetchmessagesToFetchmessagesToFetchmessagesToFetchmessagesToFetchmessagesToFetchmessagesToFetchmessagesToFetchmessagesToFetchmessagesToFetchmessagesToFetchmessagesToFetchmessagesToFetchmessagesToFetchmessagesToFetchmessagesToFetchmessagesToFetchmessagesToFetchmessagesToFetchmessagesToFetchmessagesToFetchmessagesToFetchmessagesToFetchmessagesToFetchmessagesToFetchmessagesToFetchmessagesToFetchmessagesToFetchmessagesToFetch','/user/45','2023-03-15 15:41:37','2023-03-15 15:41:37'),(189,'István Bartos sent you a friend request',NULL,'/user/45','2023-03-15 15:51:56','2023-03-15 15:51:56'),(190,'New reaction','bartos reacted to your message','/group/undefined/message/1','2023-03-15 15:54:57','2023-03-15 15:54:57'),(191,'New reaction','bartos reacted to your message','/group/1/message/1','2023-03-15 15:56:14','2023-03-15 15:56:25'),(192,'István Bartos sent you a friend request',NULL,'/user/45','2023-03-15 16:01:14','2023-03-15 16:01:14'),(193,'István Bartos sent you a friend request',NULL,'/user/45','2023-03-15 16:01:22','2023-03-15 16:01:22'),(194,'István Bartos sent you a friend request',NULL,'/user/45','2023-03-15 16:02:42','2023-03-15 16:04:49'),(195,'test user accepted your friend request',NULL,'/user/3073','2023-03-15 16:04:52','2023-03-15 16:04:52'),(196,'István Bartos sent you a friend request',NULL,'/user/45','2023-03-15 16:07:07','2023-03-15 16:07:07'),(197,'István Bartos sent you a friend request',NULL,'/user/45','2023-03-15 16:09:29','2023-03-15 16:09:29'),(198,'New vote on your message','testuser voted to your message','/group/1/message/342','2023-03-15 16:10:52','0000-00-00 00:00:00'),(199,'István Bartos sent you a friend request',NULL,'/user/45','2023-03-15 16:11:13','2023-03-15 16:11:13'),(200,'István Bartos sent you a friend request',NULL,'/user/45','2023-03-15 16:11:14','2023-03-15 16:11:14'),(201,'New message in Test channel','1','/group/1/message/344','2023-03-16 11:33:16','0000-00-00 00:00:00'),(202,'New message in Test channel','2','/group/1/message/345','2023-03-16 11:33:20','2023-03-16 11:33:20'),(203,'New message in Test channel','3','/group/1/message/346','2023-03-16 11:33:25','2023-03-16 11:33:25'),(204,'New message in Test channel','4','/group/1/message/347','2023-03-16 11:33:30','2023-03-16 11:33:30'),(205,'New message in Test channel','5','/group/1/message/348','2023-03-16 11:33:33','2023-03-16 11:33:33'),(206,'New message in Test channel','6','/group/1/message/349','2023-03-16 11:33:38','0000-00-00 00:00:00'),(207,'New message in Test channel','7','/group/1/message/350','2023-03-16 11:33:45','2023-03-16 11:33:45'),(208,'New message in Test channel','8','/group/1/message/351','2023-03-16 11:33:53','0000-00-00 00:00:00'),(209,'New message in Test channel','9','/group/1/message/352','2023-03-16 11:33:58','2023-03-16 11:33:58'),(210,'test user accepted your friend request',NULL,'/user/3073','2023-03-16 15:42:26','2023-03-16 15:42:26'),(211,'test user sent you a friend request',NULL,'/user/3073','2023-03-16 15:44:40','2023-03-16 15:44:40'),(212,'New message in Test channel','STOP SOROS!!4!!4!!4!!','/group/1/message/353','2023-03-17 10:46:22','0000-00-00 00:00:00'),(213,'testuser2 sent you an invitation to Test channel',NULL,'/group/1','2023-03-20 20:31:26','2023-03-20 20:31:26'),(214,'testuser2 sent you an invitation to Test channel',NULL,'/group/1','2023-03-20 21:05:13','2023-03-20 21:05:13'),(215,'testuser2 sent you an invitation to Test channel',NULL,'/group/1','2023-03-20 21:07:52','2023-03-21 08:36:11'),(216,'You has been banned from Test channel',NULL,'/group/1','2023-03-21 08:50:34','2023-03-21 08:50:34'),(217,'You has been unbanned from Test channel','You can now send a member request and see if the admins let you go back','/group/1','2023-03-21 08:50:41','2023-03-21 08:50:41'),(218,'testuser2 sent you an invitation to Test channel',NULL,'/group/1','2023-03-21 08:50:54','2023-03-21 08:50:54'),(219,'testuser2 sent you an invitation to Test channel',NULL,'/group/1','2023-03-21 09:13:29','2023-03-21 09:13:29'),(220,'You has been banned from Test channel',NULL,'/group/1','2023-03-21 09:18:18','2023-03-21 09:18:18'),(221,'You has been unbanned from Test channel','You can now send a member request and see if the admins let you go back','/group/1','2023-03-21 09:18:23','2023-03-21 09:18:23'),(222,'testuser2 sent you an invitation to Test channel',NULL,'/group/1','2023-03-21 09:44:38','2023-03-21 09:44:38'),(223,'New message in Test channel','MINI FERI!','/group/1/message/354','2023-03-21 13:09:10','2023-03-21 13:09:10'),(224,'New reaction','testuser2 reacted to your message','/group/1/message/1','2023-03-22 08:10:03','2023-03-22 08:10:03'),(225,'New vote on your message','testuser2 voted to your message','/group/1/message/279','2023-03-22 09:05:55','2023-03-22 09:05:55'),(226,'You has been kicked from Test channel','Kick doesn\'t mean ban: try to send a member request','/group/1','2023-03-24 09:14:41','2023-03-24 09:14:41'),(227,'testuser2 sent you an invitation to Test channel',NULL,'/group/1','2023-03-24 09:15:00','2023-03-24 09:15:00'),(228,'You has been kicked from Test channel','Kick doesn\'t mean ban: try to send a member request','/group/1','2023-03-24 09:17:00','2023-03-24 09:17:00'),(229,'testuser2 sent you an invitation to Test channel',NULL,'/group/1','2023-03-24 09:18:21','2023-03-24 09:18:21'),(230,'You has been kicked from Test channel','Kick doesn\'t mean ban: try to send a member request','/group/1','2023-03-24 09:18:40','2023-03-24 09:18:40'),(231,'testuser2 sent you an invitation to Test channel',NULL,'/group/1','2023-03-24 09:19:40','2023-03-24 09:19:40'),(232,'You has been kicked from Test channel','Kick doesn\'t mean ban: try to send a member request','/group/1','2023-03-24 09:19:57','2023-03-24 09:19:57'),(233,'testuser2 sent you an invitation to Test channel',NULL,'/group/1','2023-03-24 09:20:29','2023-03-24 09:20:29'),(234,'You has been kicked from Test channel','Kick doesn\'t mean ban: try to send a member request','/group/1','2023-03-24 09:20:46','2023-03-24 09:20:46'),(235,'testuser2 sent you an invitation to Test channel',NULL,'/group/1','2023-03-24 09:21:12','2023-03-24 09:21:12'),(236,'You has been kicked from Test channel','Kick doesn\'t mean ban: try to send a member request','/group/1','2023-03-24 09:21:29','2023-03-24 09:21:29');
/*!40000 ALTER TABLE `notifications` ENABLE KEYS */;
UNLOCK TABLES;

--
-- Table structure for table `private_messages`
--

DROP TABLE IF EXISTS `private_messages`;
/*!40101 SET @saved_cs_client     = @@character_set_client */;
/*!50503 SET character_set_client = utf8mb4 */;
CREATE TABLE `private_messages` (
  `private_message_id` int NOT NULL AUTO_INCREMENT,
  `sender_user_id` int NOT NULL,
  `receiver_user_id` int NOT NULL,
  `text` text NOT NULL,
  `created_at` datetime NOT NULL DEFAULT (now()),
  `updated_at` datetime NOT NULL DEFAULT (now()),
  `is_deleted` tinyint(1) NOT NULL DEFAULT (false),
  PRIMARY KEY (`private_message_id`),
  KEY `fk_private_messages_users` (`sender_user_id`),
  KEY `fk_private_messages_users_0` (`receiver_user_id`),
  CONSTRAINT `fk_private_messages_users` FOREIGN KEY (`sender_user_id`) REFERENCES `users` (`user_id`),
  CONSTRAINT `fk_private_messages_users_0` FOREIGN KEY (`receiver_user_id`) REFERENCES `users` (`user_id`)
) ENGINE=InnoDB AUTO_INCREMENT=45 DEFAULT CHARSET=utf8mb4 COLLATE=utf8mb4_0900_ai_ci;
/*!40101 SET character_set_client = @saved_cs_client */;

--
-- Dumping data for table `private_messages`
--

LOCK TABLES `private_messages` WRITE;
/*!40000 ALTER TABLE `private_messages` DISABLE KEYS */;
INSERT INTO `private_messages` VALUES (3,45,42,'first priv message','2023-02-11 20:25:52','2023-02-11 20:25:52',0),(4,45,42,'first priv message (actually not)','2023-02-11 20:26:46','2023-02-11 20:26:46',0),(5,45,42,'I\'m sooo bored. Can\'t wait to start learning Rust','2023-02-11 20:28:03','2023-02-11 20:28:03',0),(6,45,42,'Doing this project for a year now','2023-02-11 20:28:50','2023-02-11 20:28:50',0),(7,45,42,'I want to finish it in a few weeks','2023-02-11 20:29:12','2023-02-11 20:29:12',0),(8,45,42,'ahhhhh','2023-02-12 19:29:22','2023-02-12 19:29:22',0),(9,45,42,'asc','2023-02-13 12:37:39','2023-02-13 12:37:39',0),(10,45,42,'qwe','2023-02-13 12:38:23','2023-02-13 12:38:23',0),(11,45,42,'A','2023-02-13 12:39:46','2023-02-13 12:39:46',0),(12,45,42,'D','2023-02-13 12:40:08','2023-02-13 12:40:08',0),(13,45,42,'W','2023-02-13 12:44:41','2023-02-13 12:44:41',0),(14,45,42,'S','2023-02-13 12:44:48','2023-02-13 12:44:48',0),(15,45,3074,'','2023-02-13 13:11:49','2023-02-13 13:11:49',0),(16,45,3074,'','2023-02-13 13:14:08','2023-02-13 13:14:08',0),(17,45,3074,'','2023-02-13 13:16:17','2023-02-13 13:16:17',0),(18,45,3074,'','2023-02-13 13:26:04','2023-02-13 13:26:04',0),(19,45,3074,'','2023-02-13 13:27:25','2023-02-13 13:27:25',0),(20,45,3074,'','2023-02-13 13:33:38','2023-02-13 13:33:38',0),(21,45,3074,'','2023-02-13 13:36:36','2023-02-13 13:36:36',1),(22,45,3074,'','2023-02-13 14:53:14','2023-02-13 14:53:14',1),(23,45,3074,'','2023-02-13 15:33:27','2023-02-13 15:33:27',1),(24,45,3074,'','2023-02-13 15:34:36','2023-02-13 15:34:36',1),(25,45,3074,'','2023-02-13 15:34:46','2023-02-13 15:34:46',1),(26,3074,45,'','2023-02-13 15:34:52','2023-02-13 15:34:52',0),(27,45,3074,'','2023-02-13 15:35:36','2023-02-13 15:35:36',1),(33,45,3074,'','2023-02-14 12:16:34','2023-02-14 12:16:34',1),(34,45,3074,'a2','2023-02-21 20:38:41','2023-02-21 20:38:41',0),(35,3074,45,'b5','2023-02-21 20:39:03','2023-02-21 20:39:03',0),(38,45,42,'r','2023-02-22 13:28:19','2023-02-22 13:28:19',0),(39,45,42,'a','2023-02-22 13:34:52','2023-02-22 13:34:52',0),(40,45,42,'b','2023-02-22 13:37:02','2023-02-22 13:37:02',0),(41,3074,45,'uzenet vatgyok','2023-02-28 17:39:56','2023-02-28 17:39:56',0),(42,45,42,'kjbVVVVVVVVVVVVVVVVVVbvueWIBV UIEVB UIWVfbyuiw VEYWFFHubvrrrrrrrrrrrrrrrrrrrrrrrrrrrrrrrrrrrrrrrrrrrrrrrr','2023-03-01 17:18:00','2023-03-01 17:18:00',0),(43,45,42,'kjbVVVVVVVVVVVVVVVVVVbvueWIBV UIEVB UIWVfbyuiw VEYWFFHubvrrrrrrrrrrrrrrrrrrrrrrrrrrrrrrrrrrrrrrrrrrrrrrrr','2023-03-01 17:18:48','2023-03-01 17:18:48',0),(44,45,42,'messagesToFetchmessagesToFetchmessagesToFetchmessagesToFetchmessagesToFetchmessagesToFetchmessagesToFetchmessagesToFetchmessagesToFetchmessagesToFetchmessagesToFetchmessagesToFetchmessagesToFetchmessagesToFetchmessagesToFetchmessagesToFetchmessagesToFetchmessagesToFetchmessagesToFetchmessagesToFetchmessagesToFetchmessagesToFetchmessagesToFetchmessagesToFetchmessagesToFetchmessagesToFetchmessagesToFetchmessagesToFetchmessagesToFetchmessagesToFetchmessagesToFetchmessagesToFetchmessagesToFetchmessagesToFetchmessagesToFetchmessagesToFetchmessagesToFetchmessagesToFetchmessagesToFetchmessagesToFetchmessagesToFetchmessagesToFetchmessagesToFetchmessagesToFetchmessagesToFetchmessagesToFetchmessagesToFetchmessagesToFetchmessagesToFetchmessagesToFetchmessagesToFetchmessagesToFetchmessagesToFetchmessagesToFetchmessagesToFetchmessagesToFetchmessagesToFetchmessagesToFetchmessagesToFetchmessagesToFetchmessagesToFetchmessagesToFetchmessagesToFetchmessagesToFetchmessagesToFetchmessagesToFetchmessagesToFetchmessagesToFetchmessagesToFetchmessagesToFetchmessagesToFetchmessagesToFetchmessagesToFetchmessagesToFetchmessagesToFetchmessagesToFetchmessagesToFetchmessagesToFetchmessagesToFetchmessagesToFetchmessagesToFetchmessagesToFetchmessagesToFetchmessagesToFetchmessagesToFetchmessagesToFetchmessagesToFetchmessagesToFetchmessagesToFetchmessagesToFetchmessagesToFetchmessagesToFetchmessagesToFetchmessagesToFetchmessagesToFetchmessagesToFetchmessagesToFetchmessagesToFetchmessagesToFetchmessagesToFetchmessagesToFetchmessagesToFetchmessagesToFetchmessagesToFetchmessagesToFetchmessagesToFetchmessagesToFetchmessagesToFetchmessagesToFetchmessagesToFetchmessagesToFetchmessagesToFetchmessagesToFetchmessagesToFetchmessagesToFetchmessagesToFetchmessagesToFetchmessagesToFetchmessagesToFetchmessagesToFetchmessagesToFetchmessagesToFetchmessagesToFetchmessagesToFetchmessagesToFetchmessagesToFetchmessagesToFetchmessagesToFetchmessagesToFetchmessagesToFetchmessagesToFetchmessagesToFetchmessagesToFetchmessagesToFetchmessagesToFetchmessagesToFetchmessagesToFetchmessagesToFetchmessagesToFetchmessagesToFetchmessagesToFetchmessagesToFetchmessagesToFetchmessagesToFetchmessagesToFetchmessagesToFetchmessagesToFetchmessagesToFetchmessagesToFetchmessagesToFetchmessagesToFetchmessagesToFetchmessagesToFetchmessagesToFetchmessagesToFetchmessagesToFetchmessagesToFetchmessagesToFetchmessagesToFetchmessagesToFetchmessagesToFetchmessagesToFetchmessagesToFetchmessagesToFetchmessagesToFetchmessagesToFetchmessagesToFetchmessagesToFetchmessagesToFetchmessagesToFetchmessagesToFetchmessagesToFetchmessagesToFetchmessagesToFetchmessagesToFetchmessagesToFetchmessagesToFetchmessagesToFetchmessagesToFetchmessagesToFetchmessagesToFetchmessagesToFetchmessagesToFetchmessagesToFetchmessagesToFetchmessagesToFetchmessagesToFetchmessagesToFetchmessagesToFetchmessagesToFetchmessagesToFetchmessagesToFetchmessagesToFetchmessagesToFetchmessagesToFetchmessagesToFetchmessagesToFetchmessagesToFetchmessagesToFetchmessagesToFetchmessagesToFetchmessagesToFetchmessagesToFetchmessagesToFetchmessagesToFetchmessagesToFetchmessagesToFetchmessagesToFetchmessagesToFetchmessagesToFetchmessagesToFetchmessagesToFetchmessagesToFetchmessagesToFetchmessagesToFetchmessagesToFetchmessagesToFetchmessagesToFetchmessagesToFetchmessagesToFetchmessagesToFetchmessagesToFetchmessagesToFetchmessagesToFetchmessagesToFetchmessagesToFetchmessagesToFetchmessagesToFetchmessagesToFetchmessagesToFetchmessagesToFetchmessagesToFetchmessagesToFetchmessagesToFetchmessagesToFetchmessagesToFetchmessagesToFetchmessagesToFetchmessagesToFetchmessagesToFetchmessagesToFetchmessagesToFetchmessagesToFetchmessagesToFetchmessagesToFetchmessagesToFetchmessagesToFetchmessagesToFetchmessagesToFetchmessagesToFetchmessagesToFetchmessagesToFetchmessagesToFetchmessagesToFetchmessagesToFetchmessagesToFetchmessagesToFetchmessagesToFetchmessagesToFetchmessagesToFetchmessagesToFetchmessagesToFetchmessagesToFetchmessagesToFetchmessagesToFetchmessagesToFetchmessagesToFetchmessagesToFetchmessagesToFetchmessagesToFetchmessagesToFetchmessagesToFetchmessagesToFetchmessagesToFetchmessagesToFetchmessagesToFetchmessagesToFetchmessagesToFetchmessagesToFetchmessagesToFetchmessagesToFetchmessagesToFetchmessagesToFetchmessagesToFetchmessagesToFetchmessagesToFetchmessagesToFetchmessagesToFetchmessagesToFetchmessagesToFetchmessagesToFetchmessagesToFetchmessagesToFetchmessagesToFetchmessagesToFetchmessagesToFetchmessagesToFetchmessagesToFetchmessagesToFetchmessagesToFetchmessagesToFetchmessagesToFetchmessagesToFetchmessagesToFetchmessagesToFetchmessagesToFetchmessagesToFetchmessagesToFetchmessagesToFetchmessagesToFetchmessagesToFetchmessagesToFetchmessagesToFetchmessagesToFetchmessagesToFetchmessagesToFetchmessagesToFetchmessagesToFetchmessagesToFetchmessagesToFetchmessagesToFetchmessagesToFetchmessagesToFetchmessagesToFetchmessagesToFetchmessagesToFetchmessagesToFetchmessagesToFetchmessagesToFetchmessagesToFetchmessagesToFetchmessagesToFetchmessagesToFetchmessagesToFetchmessagesToFetchmessagesToFetchmessagesToFetchmessagesToFetchmessagesToFetchmessagesToFetchmessagesToFetchmessagesToFetchmessagesToFetchmessagesToFetchmessagesToFetchmessagesToFetchmessagesToFetchmessagesToFetchmessagesToFetchmessagesToFetchmessagesToFetchmessagesToFetchmessagesToFetchmessagesToFetchmessagesToFetchmessagesToFetchmessagesToFetchmessagesToFetchmessagesToFetchmessagesToFetchmessagesToFetchmessagesToFetchmessagesToFetchmessagesToFetchmessagesToFetchmessagesToFetchmessagesToFetchmessagesToFetchmessagesToFetchmessagesToFetchmessagesToFetchmessagesToFetchmessagesToFetchmessagesToFetchmessagesToFetchmessagesToFetchmessagesToFetchmessagesToFetchmessagesToFetchmessagesToFetchmessagesToFetchmessagesToFetchmessagesToFetchmessagesToFetchmessagesToFetchmessagesToFetchmessagesToFetchmessagesToFetchmessagesToFetchmessagesToFetchmessagesToFetchmessagesToFetchmessagesToFetchmessagesToFetchmessagesToFetchmessagesToFetchmessagesToFetchmessagesToFetchmessagesToFetchmessagesToFetchmessagesToFetchmessagesToFetchmessagesToFetchmessagesToFetchmessagesToFetchmessagesToFetchmessagesToFetchmessagesToFetchmessagesToFetchmessagesToFetchmessagesToFetchmessagesToFetchmessagesToFetchmessagesToFetchmessagesToFetchmessagesToFetchmessagesToFetchmessagesToFetchmessagesToFetchmessagesToFetchmessagesToFetchmessagesToFetchmessagesToFetchmessagesToFetchmessagesToFetchmessagesToFetchmessagesToFetchmessagesToFetchmessagesToFetchmessagesToFetchmessagesToFetchmessagesToFetchmessagesToFetchmessagesToFetchmessagesToFetchmessagesToFetchmessagesToFetchmessagesToFetchmessagesToFetchmessagesToFetchmessagesToFetchmessagesToFetchmessagesToFetchmessagesToFetchmessagesToFetchmessagesToFetchmessagesToFetchmessagesToFetchmessagesToFetchmessagesToFetchmessagesToFetchmessagesToFetchmessagesToFetchmessagesToFetchmessagesToFetchmessagesToFetchmessagesToFetchmessagesToFetchmessagesToFetchmessagesToFetchmessagesToFetchmessagesToFetchmessagesToFetchmessagesToFetchmessagesToFetchmessagesToFetchmessagesToFetchmessagesToFetchmessagesToFetchmessagesToFetchmessagesToFetchmessagesToFetchmessagesToFetchmessagesToFetchmessagesToFetchmessagesToFetchmessagesToFetchmessagesToFetchmessagesToFetchmessagesToFetchmessagesToFetchmessagesToFetchmessagesToFetchmessagesToFetchmessagesToFetchmessagesToFetchmessagesToFetchmessagesToFetchmessagesToFetchmessagesToFetchmessagesToFetchmessagesToFetchmessagesToFetchmessagesToFetchmessagesToFetchmessagesToFetchmessagesToFetchmessagesToFetchmessagesToFetchmessagesToFetchmessagesToFetchmessagesToFetchmessagesToFetchmessagesToFetchmessagesToFetchmessagesToFetchmessagesToFetchmessagesToFetchmessagesToFetchmessagesToFetchmessagesToFetchmessagesToFetchmessagesToFetchmessagesToFetchmessagesToFetchmessagesToFetchmessagesToFetchmessagesToFetchmessagesToFetchmessagesToFetchmessagesToFetchmessagesToFetchmessagesToFetchmessagesToFetchmessagesToFetchmessagesToFetchmessagesToFetchmessagesToFetchmessagesToFetchmessagesToFetchmessagesToFetchmessagesToFetchmessagesToFetchmessagesToFetchmessagesToFetchmessagesToFetchmessagesToFetchmessagesToFetchmessagesToFetchmessagesToFetchmessagesToFetchmessagesToFetchmessagesToFetchmessagesToFetchmessagesToFetchmessagesToFetchmessagesToFetchmessagesToFetchmessagesToFetchmessagesToFetchmessagesToFetchmessagesToFetchmessagesToFetchmessagesToFetchmessagesToFetchmessagesToFetchmessagesToFetchmessagesToFetchmessagesToFetchmessagesToFetchmessagesToFetchmessagesToFetchmessagesToFetchmessagesToFetchmessagesToFetchmessagesToFetchmessagesToFetchmessagesToFetchmessagesToFetchmessagesToFetchmessagesToFetchmessagesToFetchmessagesToFetchmessagesToFetchmessagesToFetchmessagesToFetchmessagesToFetchmessagesToFetchmessagesToFetchmessagesToFetchmessagesToFetchmessagesToFetchmessagesToFetchmessagesToFetchmessagesToFetchmessagesToFetchmessagesToFetchmessagesToFetchmessagesToFetchmessagesToFetchmessagesToFetchmessagesToFetchmessagesToFetchmessagesToFetchmessagesToFetchmessagesToFetchmessagesToFetchmessagesToFetchmessagesToFetchmessagesToFetchmessagesToFetchmessagesToFetchmessagesToFetchmessagesToFetchmessagesToFetchmessagesToFetchmessagesToFetchmessagesToFetchmessagesToFetchmessagesToFetchmessagesToFetchmessagesToFetchmessagesToFetchmessagesToFetchmessagesToFetchmessagesToFetchmessagesToFetchmessagesToFetchmessagesToFetchmessagesToFetchmessagesToFetchmessagesToFetchmessagesToFetchmessagesToFetchmessagesToFetchmessagesToFetchmessagesToFetchmessagesToFetchmessagesToFetchmessagesToFetchmessagesToFetchmessagesToFetchmessagesToFetchmessagesToFetchmessagesToFetchmessagesToFetchmessagesToFetchmessagesToFetchmessagesToFetchmessagesToFetchmessagesToFetchmessagesToFetchmessagesToFetchmessagesToFetchmessagesToFetchmessagesToFetchmessagesToFetchmessagesToFetchmessagesToFetchmessagesToFetchmessagesToFetchmessagesToFetchmessagesToFetchmessagesToFetchmessagesToFetchmessagesToFetchmessagesToFetchmessagesToFetchmessagesToFetchmessagesToFetchmessagesToFetchmessagesToFetchmessagesToFetchmessagesToFetchmessagesToFetchmessagesToFetchmessagesToFetchmessagesToFetchmessagesToFetchmessagesToFetchmessagesToFetchmessagesToFetchmessagesToFetchmessagesToFetchmessagesToFetchmessagesToFetchmessagesToFetchmessagesToFetchmessagesToFetchmessagesToFetchmessagesToFetchmessagesToFetchmessagesToFetchmessagesToFetchmessagesToFetchmessagesToFetchmessagesToFetchmessagesToFetchmessagesToFetchmessagesToFetchmessagesToFetchmessagesToFetchmessagesToFetchmessagesToFetchmessagesToFetchmessagesToFetchmessagesToFetchmessagesToFetchmessagesToFetchmessagesToFetch','2023-03-15 15:41:37','2023-03-15 15:41:37',0);
/*!40000 ALTER TABLE `private_messages` ENABLE KEYS */;
UNLOCK TABLES;

--
-- Table structure for table `reactions`
--

DROP TABLE IF EXISTS `reactions`;
/*!40101 SET @saved_cs_client     = @@character_set_client */;
/*!50503 SET character_set_client = utf8mb4 */;
CREATE TABLE `reactions` (
  `message_id` int NOT NULL,
  `user_id` int NOT NULL,
  `created_at` datetime NOT NULL DEFAULT CURRENT_TIMESTAMP,
  `updated_at` datetime NOT NULL DEFAULT CURRENT_TIMESTAMP,
  `type` int DEFAULT NULL,
  PRIMARY KEY (`message_id`,`user_id`),
  KEY `idx_reactions` (`message_id`),
  KEY `idx_reactions_0` (`user_id`),
  CONSTRAINT `fk_reactions_messages` FOREIGN KEY (`message_id`) REFERENCES `messages` (`message_id`),
  CONSTRAINT `fk_reactions_users` FOREIGN KEY (`user_id`) REFERENCES `users` (`user_id`)
) ENGINE=InnoDB DEFAULT CHARSET=utf8mb3;
/*!40101 SET character_set_client = @saved_cs_client */;

--
-- Dumping data for table `reactions`
--

LOCK TABLES `reactions` WRITE;
/*!40000 ALTER TABLE `reactions` DISABLE KEYS */;
INSERT INTO `reactions` VALUES (1,40,'2022-06-06 17:56:04','2022-06-06 17:56:04',128526),(1,42,'2022-04-27 13:16:02','2022-04-27 13:16:02',128526),(1,45,'2022-05-04 15:22:24','2023-03-15 15:56:14',128546),(1,81,'2022-05-08 17:57:36','2022-09-05 10:25:41',128546),(1,3073,'2023-03-07 09:26:45','2023-03-07 09:26:53',NULL),(1,3074,'2023-02-01 14:10:23','2023-03-22 08:10:03',128544),(11,81,'2022-06-29 10:05:24','2022-09-06 07:36:04',NULL),(11,3074,'2023-02-25 19:04:21','2023-02-26 13:51:45',128077),(31,81,'2022-09-05 10:07:37','2022-09-12 10:37:23',10084),(71,81,'2022-08-31 12:50:28','2022-08-31 12:50:30',128546),(111,45,'2022-05-04 14:52:08','2022-05-04 14:52:19',128517),(111,81,'2022-09-07 05:58:37','2022-09-07 05:58:37',128546),(131,3074,'2023-03-11 16:52:45','2023-03-11 16:52:45',128544),(141,45,'2023-02-13 19:42:39','2023-02-13 19:42:46',NULL),(141,3074,'2023-02-01 14:10:49','2023-02-26 15:21:28',NULL),(151,81,'2022-09-05 10:28:43','2022-09-05 10:28:43',128544),(161,81,'2022-09-05 12:56:38','2022-09-05 12:56:38',128077),(276,3074,'2023-01-26 14:02:45','2023-01-26 14:02:45',128546),(280,3074,'2023-01-26 14:06:05','2023-01-26 14:06:05',129392),(336,3073,'2023-03-07 09:28:49','2023-03-07 09:28:49',128546),(338,3073,'2023-03-09 18:55:04','2023-03-09 18:55:04',129315);
/*!40000 ALTER TABLE `reactions` ENABLE KEYS */;
UNLOCK TABLES;

--
-- Table structure for table `user_notifications`
--

DROP TABLE IF EXISTS `user_notifications`;
/*!40101 SET @saved_cs_client     = @@character_set_client */;
/*!50503 SET character_set_client = utf8mb4 */;
CREATE TABLE `user_notifications` (
  `notification_id` int NOT NULL,
  `user_id` int NOT NULL,
  `seen_at` datetime DEFAULT (NULL),
  PRIMARY KEY (`notification_id`,`user_id`),
  KEY `fk_notification_user_connections_0` (`user_id`),
  CONSTRAINT `fk_notification_user_connections` FOREIGN KEY (`notification_id`) REFERENCES `notifications` (`notification_id`),
  CONSTRAINT `fk_notification_user_connections_0` FOREIGN KEY (`user_id`) REFERENCES `users` (`user_id`)
) ENGINE=InnoDB DEFAULT CHARSET=utf8mb4 COLLATE=utf8mb4_0900_ai_ci;
/*!40101 SET character_set_client = @saved_cs_client */;

--
-- Dumping data for table `user_notifications`
--

LOCK TABLES `user_notifications` WRITE;
/*!40000 ALTER TABLE `user_notifications` DISABLE KEYS */;
INSERT INTO `user_notifications` VALUES (41,42,NULL),(42,45,NULL),(43,81,NULL),(44,321,NULL),(45,351,NULL),(46,3074,'2023-03-21 15:41:25'),(47,42,NULL),(47,81,NULL),(47,351,NULL),(47,361,NULL),(50,3075,NULL),(51,3075,NULL),(52,3075,NULL),(53,3075,NULL),(54,3075,NULL),(55,321,NULL),(56,321,NULL),(57,321,NULL),(58,321,NULL),(60,42,NULL),(60,45,NULL),(60,81,NULL),(62,42,NULL),(62,45,NULL),(62,81,NULL),(62,3073,NULL),(64,42,NULL),(64,45,NULL),(64,81,NULL),(64,351,NULL),(64,3073,NULL),(65,42,NULL),(65,45,NULL),(65,81,NULL),(66,42,NULL),(66,45,NULL),(66,81,NULL),(67,42,NULL),(67,45,NULL),(67,81,NULL),(68,42,NULL),(68,81,NULL),(68,371,NULL),(68,3074,'2023-03-21 15:41:25'),(69,3074,'2023-03-21 15:41:25'),(70,3074,'2023-03-21 15:41:25'),(71,81,NULL),(72,81,NULL),(73,42,NULL),(73,81,NULL),(74,3074,'2023-03-21 15:41:25'),(75,3074,'2023-03-21 15:41:25'),(76,45,NULL),(77,42,NULL),(77,81,NULL),(77,351,NULL),(78,3074,'2023-03-21 15:41:25'),(79,3074,'2023-03-21 15:41:25'),(80,45,NULL),(81,3074,'2023-03-21 15:41:25'),(87,3074,'2023-03-21 15:41:25'),(88,45,NULL),(89,45,NULL),(90,42,NULL),(91,42,NULL),(92,42,NULL),(93,45,NULL),(94,45,NULL),(95,45,NULL),(96,45,NULL),(97,45,NULL),(98,42,NULL),(98,81,NULL),(98,351,NULL),(98,371,NULL),(99,42,NULL),(99,81,NULL),(100,42,NULL),(100,81,NULL),(100,3073,NULL),(101,42,NULL),(101,81,NULL),(101,331,NULL),(101,351,NULL),(101,3073,NULL),(102,42,NULL),(102,81,NULL),(102,371,NULL),(103,42,NULL),(103,81,NULL),(103,351,NULL),(103,371,NULL),(104,42,NULL),(104,81,NULL),(104,371,NULL),(105,45,NULL),(106,45,NULL),(107,42,NULL),(107,81,NULL),(107,331,NULL),(108,42,NULL),(108,81,NULL),(108,3073,NULL),(109,42,NULL),(109,81,NULL),(109,371,NULL),(110,81,NULL),(111,42,NULL),(111,81,NULL),(112,42,NULL),(112,81,NULL),(113,3074,'2023-03-21 15:41:25'),(114,42,NULL),(114,81,NULL),(114,3073,NULL),(115,42,NULL),(115,81,NULL),(116,42,NULL),(116,81,NULL),(117,3074,'2023-03-21 15:41:25'),(118,3074,'2023-03-21 15:41:25'),(119,42,NULL),(120,45,NULL),(121,45,NULL),(122,45,NULL),(123,42,NULL),(123,81,NULL),(123,351,NULL),(123,3073,NULL),(124,42,NULL),(124,81,NULL),(124,371,NULL),(125,45,NULL),(126,42,NULL),(127,42,NULL),(128,42,NULL),(129,42,NULL),(130,42,NULL),(131,42,NULL),(132,42,NULL),(133,3073,NULL),(134,42,NULL),(134,81,NULL),(135,3073,NULL),(136,81,NULL),(137,81,NULL),(138,3073,NULL),(139,3074,'2023-03-21 15:41:25'),(140,3074,'2023-03-21 15:41:25'),(141,81,NULL),(142,81,NULL),(147,45,NULL),(147,81,NULL),(147,3074,'2023-03-21 15:41:25'),(148,45,NULL),(148,81,NULL),(148,3074,'2023-03-21 15:41:25'),(149,45,NULL),(149,81,NULL),(149,3074,'2023-03-21 15:41:25'),(150,45,NULL),(150,81,NULL),(150,3074,'2023-03-21 15:41:25'),(151,45,NULL),(151,81,NULL),(151,3074,'2023-03-21 15:41:25'),(152,45,NULL),(152,81,NULL),(152,3074,'2023-03-21 15:41:25'),(153,45,NULL),(153,81,NULL),(153,3074,'2023-03-21 15:41:25'),(154,45,NULL),(154,81,NULL),(155,3074,'2023-03-21 15:41:25'),(156,3074,'2023-03-21 15:41:25'),(157,45,NULL),(157,81,NULL),(158,3074,'2023-03-21 15:41:25'),(159,3074,'2023-03-21 15:41:25'),(160,3073,NULL),(161,3073,NULL),(162,45,NULL),(163,42,NULL),(163,81,NULL),(164,42,NULL),(164,81,NULL),(164,331,NULL),(165,42,NULL),(165,81,NULL),(165,3074,'2023-03-21 15:41:25'),(166,3073,NULL),(167,3073,NULL),(168,45,NULL),(168,81,NULL),(168,3074,'2023-03-21 15:41:25'),(169,45,NULL),(170,45,NULL),(171,45,NULL),(171,81,NULL),(171,3074,'2023-03-21 15:41:25'),(172,3073,NULL),(173,3073,NULL),(174,3073,NULL),(175,42,NULL),(175,81,NULL),(175,3074,'2023-03-21 15:41:25'),(176,42,NULL),(176,81,NULL),(176,351,NULL),(177,3073,NULL),(178,42,NULL),(178,81,NULL),(178,371,NULL),(179,42,NULL),(179,81,NULL),(179,371,NULL),(180,45,NULL),(181,42,NULL),(181,81,NULL),(182,3074,'2023-03-21 15:41:25'),(183,42,NULL),(183,81,NULL),(183,3073,NULL),(184,3074,'2023-03-21 15:41:25'),(185,45,NULL),(186,45,NULL),(187,42,NULL),(187,81,NULL),(187,351,NULL),(187,3073,NULL),(188,42,NULL),(189,1,NULL),(190,45,NULL),(191,45,NULL),(192,40,NULL),(193,81,NULL),(194,3073,NULL),(195,45,NULL),(196,3073,NULL),(197,3073,NULL),(198,3074,'2023-03-21 15:41:25'),(199,3073,NULL),(200,3073,NULL),(201,42,NULL),(201,81,NULL),(201,3074,'2023-03-21 15:41:25'),(202,42,NULL),(202,81,NULL),(203,42,NULL),(203,81,NULL),(203,3073,NULL),(204,42,NULL),(204,81,NULL),(204,331,NULL),(204,3073,NULL),(205,42,NULL),(205,81,NULL),(205,351,NULL),(206,42,NULL),(206,81,NULL),(206,3074,'2023-03-21 15:41:25'),(207,42,NULL),(207,81,NULL),(208,42,NULL),(208,81,NULL),(208,351,NULL),(208,371,NULL),(208,3074,'2023-03-21 15:41:25'),(209,42,NULL),(209,81,NULL),(209,331,NULL),(210,45,NULL),(211,45,NULL),(212,42,NULL),(212,81,NULL),(212,371,NULL),(212,3074,'2023-03-21 15:41:25'),(213,3073,NULL),(214,3073,NULL),(215,3073,NULL),(216,3073,NULL),(217,3073,NULL),(218,3073,NULL),(219,42,NULL),(220,3073,NULL),(221,3073,NULL),(222,3073,NULL),(223,42,NULL),(223,81,NULL),(224,45,NULL),(225,3074,NULL),(226,3073,NULL),(227,3073,NULL),(228,3073,NULL),(229,3073,NULL),(230,3073,NULL),(231,3073,NULL),(232,3073,NULL),(233,3073,NULL),(234,3073,NULL),(235,3073,NULL),(236,3073,NULL);
/*!40000 ALTER TABLE `user_notifications` ENABLE KEYS */;
UNLOCK TABLES;

--
-- Table structure for table `user_user_relationships`
--

DROP TABLE IF EXISTS `user_user_relationships`;
/*!40101 SET @saved_cs_client     = @@character_set_client */;
/*!50503 SET character_set_client = utf8mb4 */;
CREATE TABLE `user_user_relationships` (
  `initiating_user_id` int NOT NULL,
  `target_user_id` int NOT NULL,
  `type` enum('blocked','friend') DEFAULT NULL,
  `created_at` datetime NOT NULL DEFAULT CURRENT_TIMESTAMP,
  `updated_at` datetime NOT NULL DEFAULT CURRENT_TIMESTAMP,
  PRIMARY KEY (`initiating_user_id`,`target_user_id`),
  KEY `idx_user_user_relationships` (`initiating_user_id`),
  KEY `idx_user_user_relationships_0` (`target_user_id`),
  CONSTRAINT `fk_user_user_relationships` FOREIGN KEY (`initiating_user_id`) REFERENCES `users` (`user_id`),
  CONSTRAINT `fk_user_user_relationships_0` FOREIGN KEY (`target_user_id`) REFERENCES `users` (`user_id`)
) ENGINE=InnoDB DEFAULT CHARSET=utf8mb3;
/*!40101 SET character_set_client = @saved_cs_client */;

--
-- Dumping data for table `user_user_relationships`
--

LOCK TABLES `user_user_relationships` WRITE;
/*!40000 ALTER TABLE `user_user_relationships` DISABLE KEYS */;
INSERT INTO `user_user_relationships` VALUES (1,2,'friend','2022-04-19 01:25:28','2022-05-01 15:34:20'),(1,40,'friend','2022-05-01 15:52:50','2022-05-01 15:52:50'),(1,42,'friend','2022-05-01 13:03:52','2022-05-01 15:34:20'),(2,42,'friend','2022-05-01 15:51:15','2022-05-01 15:51:15'),(40,1,NULL,'2022-05-01 15:53:26','2022-05-01 00:00:00'),(42,1,'friend','2022-05-01 13:04:04','2022-05-01 15:34:20'),(42,2,'friend','2022-05-01 13:11:35','2022-05-01 15:34:20'),(42,45,'friend','2022-05-01 16:02:57','2022-05-01 16:02:57'),(45,1,'friend','2022-05-01 13:14:28','2023-03-15 15:51:56'),(45,40,'friend','2023-03-15 16:01:14','2023-03-15 16:01:14'),(45,42,'friend','2023-02-10 18:24:43','2023-03-01 12:03:34'),(45,81,'friend','2023-03-15 16:01:22','2023-03-15 16:01:22'),(45,3073,NULL,'2023-02-14 13:07:09','2023-03-16 15:44:33'),(45,3074,'blocked','2023-02-13 12:49:52','2023-03-16 15:45:25'),(81,1,NULL,'2022-05-05 08:34:33','2022-05-08 18:35:20'),(1241,2,'friend','2022-05-14 18:36:23','2022-05-14 18:36:23'),(1261,2,'friend','2022-05-14 18:36:54','2022-05-14 18:36:54'),(1281,2,'friend','2022-05-14 18:37:09','2022-05-14 18:37:09'),(1291,1281,'friend','2022-05-14 18:47:49','2022-05-14 18:47:49'),(1301,2,'friend','2022-05-14 18:48:02','2022-05-14 18:48:02'),(1311,1301,'friend','2022-05-14 18:48:02','2022-05-14 18:48:02'),(1321,1331,'friend','2022-05-14 18:49:09','2022-05-14 18:49:09'),(1331,1321,'friend','2022-05-14 18:49:09','2022-05-14 18:49:09'),(1341,1351,'friend','2022-05-15 14:40:19','2022-05-15 14:40:19'),(1351,1341,'friend','2022-05-15 14:40:19','2022-05-15 14:40:19'),(1361,1371,'friend','2022-05-15 14:40:40','2022-05-15 14:40:40'),(1371,1361,'friend','2022-05-15 14:40:40','2022-05-15 14:40:40'),(1381,1391,'friend','2022-05-15 14:40:49','2022-05-15 14:40:49'),(1391,1381,'friend','2022-05-15 14:40:49','2022-05-15 14:40:49'),(1401,1411,'friend','2022-05-15 14:41:14','2022-05-15 14:41:14'),(1411,1401,'friend','2022-05-15 14:41:15','2022-05-15 14:41:15'),(1421,1431,'blocked','2022-05-15 14:42:00','2022-05-15 15:14:03'),(1431,1421,'friend','2022-05-15 14:42:00','2022-05-15 14:42:00'),(1441,1451,'friend','2022-05-15 15:15:32','2022-05-15 15:15:32'),(1441,1461,'blocked','2022-05-15 15:15:32','2022-05-15 15:15:32'),(1451,1441,'friend','2022-05-15 15:15:33','2022-05-15 15:15:33'),(1471,1481,'friend','2022-05-15 15:38:10','2022-05-15 15:38:10'),(1471,1491,'blocked','2022-05-15 15:38:11','2022-05-15 15:38:11'),(1481,1471,'friend','2022-05-15 15:38:11','2022-05-15 15:38:11'),(1501,1511,'friend','2022-05-15 16:00:30','2022-05-15 16:00:30'),(1501,1521,'blocked','2022-05-15 16:00:31','2022-05-15 16:00:31'),(1531,1541,'friend','2022-05-15 16:01:22','2022-05-15 16:01:22'),(1531,1551,'blocked','2022-05-15 16:01:24','2022-05-15 16:01:24'),(1551,1561,'friend','2022-05-15 16:01:23','2022-05-15 16:01:23'),(1561,1551,'friend','2022-05-15 16:01:24','2022-05-15 16:01:24'),(1571,1581,'friend','2022-05-15 16:03:17','2022-05-15 16:03:17'),(1571,1591,'blocked','2022-05-15 16:03:20','2022-05-15 16:03:20'),(1591,1601,'friend','2022-05-15 16:03:18','2022-05-15 16:03:18'),(1601,1591,'friend','2022-05-15 16:03:19','2022-05-15 16:03:19'),(1611,1621,'friend','2022-05-15 16:10:11','2022-05-15 16:10:11'),(1611,1631,'blocked','2022-05-15 16:10:15','2022-05-15 16:10:15'),(1631,1641,'friend','2022-05-15 16:10:12','2022-05-15 16:10:12'),(1641,1631,'friend','2022-05-15 16:10:13','2022-05-15 16:10:13'),(1651,1661,'friend','2022-05-15 16:10:14','2022-05-15 16:10:14'),(1671,1681,'friend','2022-05-15 16:11:01','2022-05-15 16:11:01'),(1671,1691,'blocked','2022-05-15 16:11:05','2022-05-15 16:11:05'),(1691,1701,'friend','2022-05-15 16:11:02','2022-05-15 16:11:02'),(1701,1691,'friend','2022-05-15 16:11:03','2022-05-15 16:11:03'),(1711,1721,'friend','2022-05-15 16:11:03','2022-05-15 16:11:03'),(1731,1741,'friend','2022-05-15 16:13:03','2022-05-15 16:13:03'),(1731,1751,'blocked','2022-05-15 16:13:09','2022-05-15 16:13:09'),(1751,1761,'friend','2022-05-15 16:13:04','2022-05-15 16:13:04'),(1761,1751,'friend','2022-05-15 16:13:06','2022-05-15 16:13:06'),(1771,1781,'friend','2022-05-15 16:13:07','2022-05-15 16:13:07'),(1781,1771,NULL,'2022-05-15 16:13:08','2022-05-15 16:13:08'),(1791,1801,'friend','2022-05-15 16:31:20','2022-05-15 16:31:20'),(1791,1811,'blocked','2022-05-15 16:31:24','2022-05-15 16:31:24'),(1811,1821,'friend','2022-05-15 16:31:21','2022-05-15 16:31:21'),(1821,1811,'friend','2022-05-15 16:31:22','2022-05-15 16:31:22'),(1831,1841,'friend','2022-05-15 16:31:23','2022-05-15 16:31:23'),(1841,1831,NULL,'2022-05-15 16:31:23','2022-05-15 16:31:23'),(1851,1861,'friend','2022-05-15 16:34:42','2022-05-15 16:34:42'),(1851,1871,'blocked','2022-05-15 16:34:46','2022-05-15 16:34:46'),(1871,1881,'friend','2022-05-15 16:34:43','2022-05-15 16:34:43'),(1881,1871,'friend','2022-05-15 16:34:44','2022-05-15 16:34:44'),(1891,1901,'friend','2022-05-15 16:34:45','2022-05-15 16:34:45'),(1901,1891,NULL,'2022-05-15 16:34:45','2022-05-15 16:34:45'),(1911,1921,'friend','2022-05-15 17:01:22','2022-05-15 17:01:22'),(1911,1931,'blocked','2022-05-15 17:01:28','2022-05-15 17:01:28'),(1931,1941,'friend','2022-05-15 17:01:23','2022-05-15 17:01:23'),(1941,1931,'friend','2022-05-15 17:01:24','2022-05-15 17:01:24'),(1951,1961,'friend','2022-05-15 17:01:25','2022-05-15 17:01:25'),(1961,1951,NULL,'2022-05-15 17:01:26','2022-05-15 17:01:26'),(1971,1981,'friend','2022-05-15 17:01:26','2022-05-15 17:01:26'),(1981,1971,'blocked','2022-05-15 17:01:27','2022-05-15 17:01:27'),(1991,2001,'friend','2022-05-15 17:10:25','2022-05-15 17:10:25'),(1991,2011,'blocked','2022-05-15 17:10:31','2022-05-15 17:10:31'),(2021,2011,'friend','2022-05-15 17:10:26','2022-05-15 17:10:26'),(2031,2041,'friend','2022-05-15 17:10:27','2022-05-15 17:10:27'),(2041,2031,NULL,'2022-05-15 17:10:28','2022-05-15 17:10:28'),(2051,2061,'friend','2022-05-15 17:10:29','2022-05-15 17:10:29'),(2061,2051,'blocked','2022-05-15 17:10:30','2022-05-15 17:10:30'),(2091,2101,'friend','2022-05-15 17:11:58','2022-05-15 17:11:58'),(2091,2111,'blocked','2022-05-15 17:12:03','2022-05-15 17:12:03'),(2111,2121,'friend','2022-05-15 17:11:58','2022-05-15 17:11:58'),(2121,2111,'friend','2022-05-15 17:11:59','2022-05-15 17:11:59'),(2131,2141,'friend','2022-05-15 17:12:00','2022-05-15 17:12:00'),(2141,2131,NULL,'2022-05-15 17:12:01','2022-05-15 17:12:01'),(2151,2161,'friend','2022-05-15 17:12:02','2022-05-15 17:12:02'),(2161,2151,'blocked','2022-05-15 17:12:02','2022-05-15 17:12:02'),(2171,2181,'friend','2022-05-15 17:16:00','2022-05-15 17:16:00'),(2171,2191,'blocked','2022-05-15 17:16:07','2022-05-15 17:16:07'),(2191,2201,NULL,'2022-05-15 17:16:00','2022-05-15 17:16:05'),(2201,2191,'friend','2022-05-15 17:16:01','2022-05-15 17:16:01'),(2211,2221,'friend','2022-05-15 17:16:02','2022-05-15 17:16:02'),(2221,2211,NULL,'2022-05-15 17:16:03','2022-05-15 17:16:03'),(2231,2241,'friend','2022-05-15 17:16:04','2022-05-15 17:16:04'),(2241,2231,'blocked','2022-05-15 17:16:05','2022-05-15 17:16:05'),(2251,2261,'friend','2022-05-16 12:26:23','2022-05-16 12:26:23'),(2251,2271,'blocked','2022-05-16 12:26:31','2022-05-16 12:26:31'),(2271,2281,'friend','2022-05-16 12:26:24','2022-05-16 12:26:29'),(2281,2271,'friend','2022-05-16 12:26:24','2022-05-16 12:26:30'),(2291,2301,'friend','2022-05-16 12:26:25','2022-05-16 12:26:25'),(2301,2291,NULL,'2022-05-16 12:26:26','2022-05-16 12:26:26'),(2311,2321,'friend','2022-05-16 12:26:27','2022-05-16 12:26:27'),(2321,2311,'blocked','2022-05-16 12:26:28','2022-05-16 12:26:28'),(2331,2341,'friend','2022-05-16 12:27:56','2022-05-16 12:27:56'),(2331,2351,'blocked','2022-05-16 12:28:04','2022-05-16 12:28:04'),(2351,2361,'friend','2022-05-16 12:27:57','2022-05-16 12:28:03'),(2361,2351,'friend','2022-05-16 12:27:58','2022-05-16 12:27:58'),(2371,2381,'friend','2022-05-16 12:27:58','2022-05-16 12:27:58'),(2381,2371,NULL,'2022-05-16 12:27:59','2022-05-16 12:27:59'),(2391,2401,'friend','2022-05-16 12:28:00','2022-05-16 12:28:00'),(2401,2391,'blocked','2022-05-16 12:28:01','2022-05-16 12:28:01'),(2411,2421,'friend','2022-05-16 12:53:14','2022-05-16 12:53:14'),(2411,2431,'blocked','2022-05-16 12:53:23','2022-05-16 12:53:23'),(2431,2441,'friend','2022-05-16 12:53:15','2022-05-16 12:53:21'),(2441,2431,'blocked','2022-05-16 12:53:16','2022-05-16 12:53:23'),(2451,2461,'friend','2022-05-16 12:53:17','2022-05-16 12:53:17'),(2461,2451,NULL,'2022-05-16 12:53:18','2022-05-16 12:53:18'),(2471,2481,'friend','2022-05-16 12:53:19','2022-05-16 12:53:19'),(2481,2471,'blocked','2022-05-16 12:53:19','2022-05-16 12:53:19'),(2491,2501,'friend','2022-05-16 12:59:48','2022-05-16 12:59:48'),(2491,2511,'blocked','2022-05-16 12:59:56','2022-05-16 12:59:56'),(2511,2521,'friend','2022-05-16 12:59:48','2022-05-16 12:59:54'),(2521,2511,'blocked','2022-05-16 12:59:49','2022-05-16 12:59:55'),(2531,2541,'friend','2022-05-16 12:59:50','2022-05-16 12:59:50'),(2541,2531,NULL,'2022-05-16 12:59:51','2022-05-16 12:59:51'),(2551,2561,'friend','2022-05-16 12:59:51','2022-05-16 12:59:51'),(2561,2551,'blocked','2022-05-16 12:59:52','2022-05-16 12:59:52'),(2571,2581,'friend','2022-05-16 13:01:10','2022-05-16 13:01:10'),(2571,2591,'blocked','2022-05-16 13:01:21','2022-05-16 13:01:21'),(2591,2601,'friend','2022-05-16 13:01:11','2022-05-16 13:01:18'),(2601,2591,'blocked','2022-05-16 13:01:12','2022-05-16 13:01:20'),(2611,2621,'friend','2022-05-16 13:01:13','2022-05-16 13:01:13'),(2621,2611,NULL,'2022-05-16 13:01:14','2022-05-16 13:01:14'),(2631,2641,'friend','2022-05-16 13:01:15','2022-05-16 13:01:15'),(2641,2631,'blocked','2022-05-16 13:01:16','2022-05-16 13:01:16'),(2651,2661,'friend','2022-05-16 13:02:43','2022-05-16 13:02:43'),(2651,2671,'blocked','2022-05-16 13:02:52','2022-05-16 13:02:52'),(2671,2681,'blocked','2022-05-16 13:02:44','2022-05-16 13:02:51'),(2681,2671,'blocked','2022-05-16 13:02:45','2022-05-16 13:02:50'),(2691,2701,'friend','2022-05-16 13:02:45','2022-05-16 13:02:45'),(2701,2691,NULL,'2022-05-16 13:02:46','2022-05-16 13:02:46'),(2711,2721,'friend','2022-05-16 13:02:47','2022-05-16 13:02:47'),(2721,2711,'blocked','2022-05-16 13:02:48','2022-05-16 13:02:48'),(2731,2741,'friend','2022-05-16 13:18:42','2022-05-16 13:18:42'),(2751,2761,'friend','2022-05-16 13:18:43','2022-05-16 13:18:43'),(2761,2751,'friend','2022-05-16 13:18:44','2022-05-16 13:18:44'),(2841,2851,'friend','2022-05-16 13:20:13','2022-05-16 13:20:13'),(2841,2861,'blocked','2022-05-16 13:20:21','2022-05-16 13:20:21'),(2861,2871,'blocked','2022-05-16 13:20:14','2022-05-16 13:20:20'),(2871,2861,'blocked','2022-05-16 13:20:15','2022-05-16 13:20:19'),(2901,2911,'friend','2022-05-16 13:20:16','2022-05-16 13:20:16'),(2911,2901,'blocked','2022-05-16 13:20:17','2022-05-16 13:20:17'),(2921,2931,'friend','2022-05-16 13:21:21','2022-05-16 13:21:21'),(2921,2941,'blocked','2022-05-16 13:21:29','2022-05-16 13:21:29'),(2941,2951,'blocked','2022-05-16 13:21:21','2022-05-16 13:21:28'),(2951,2941,'blocked','2022-05-16 13:21:22','2022-05-16 13:21:27'),(2961,2971,'friend','2022-05-16 13:21:23','2022-05-16 13:21:23'),(2971,2961,NULL,'2022-05-16 13:21:23','2022-05-16 13:21:23'),(2981,2991,'friend','2022-05-16 13:21:24','2022-05-16 13:21:24'),(2991,2981,'blocked','2022-05-16 13:21:25','2022-05-16 13:21:25'),(3001,3011,'friend','2022-05-16 13:22:24','2022-05-16 13:22:24'),(3001,3021,'blocked','2022-05-16 13:22:33','2022-05-16 13:22:33'),(3021,3031,'blocked','2022-05-16 13:22:25','2022-05-16 13:22:32'),(3031,3021,'blocked','2022-05-16 13:22:26','2022-05-16 13:22:32'),(3041,3051,'friend','2022-05-16 13:22:27','2022-05-16 13:22:27'),(3051,3041,NULL,'2022-05-16 13:22:28','2022-05-16 13:22:28'),(3061,3071,'friend','2022-05-16 13:22:28','2022-05-16 13:22:28'),(3071,3061,'blocked','2022-05-16 13:22:29','2022-05-16 13:22:29'),(3073,45,'friend','2022-12-26 21:42:50','2023-03-16 15:44:40'),(3073,3074,'friend','2022-12-26 22:52:50','2022-12-26 22:52:50'),(3074,42,'friend','2023-02-28 17:39:29','2023-02-28 17:39:29'),(3074,45,'friend','2023-02-13 13:11:23','2023-02-13 13:11:23'),(3074,3073,'friend','2022-12-26 22:52:59','2023-01-26 14:08:19');
/*!40000 ALTER TABLE `user_user_relationships` ENABLE KEYS */;
UNLOCK TABLES;

--
-- Table structure for table `users`
--

DROP TABLE IF EXISTS `users`;
/*!40101 SET @saved_cs_client     = @@character_set_client */;
/*!50503 SET character_set_client = utf8mb4 */;
CREATE TABLE `users` (
  `user_id` int NOT NULL AUTO_INCREMENT,
  `first_name` varchar(255) NOT NULL,
  `last_name` varchar(255) NOT NULL,
  `middle_name` varchar(255) DEFAULT NULL,
  `user_name` varchar(255) NOT NULL,
  `mobile_number` varchar(255) DEFAULT NULL,
  `email` varchar(255) NOT NULL,
  `password` varchar(255) NOT NULL,
  `registrated_at` datetime NOT NULL DEFAULT CURRENT_TIMESTAMP,
  `updated_at` datetime NOT NULL DEFAULT CURRENT_TIMESTAMP,
  `intro` varchar(255) DEFAULT NULL,
  `profile_image_media_id` int DEFAULT NULL,
  PRIMARY KEY (`user_id`),
  UNIQUE KEY `unq_users` (`email`),
  UNIQUE KEY `unq_users_1` (`user_name`),
  UNIQUE KEY `unq_users_0` (`mobile_number`),
  KEY `idx_users` (`profile_image_media_id`),
  FULLTEXT KEY `skew_users` (`first_name`,`last_name`,`middle_name`,`user_name`,`intro`),
  CONSTRAINT `fk_users_medias` FOREIGN KEY (`profile_image_media_id`) REFERENCES `medias` (`media_id`)
) ENGINE=InnoDB AUTO_INCREMENT=3076 DEFAULT CHARSET=utf8mb3;
/*!40101 SET character_set_client = @saved_cs_client */;

--
-- Dumping data for table `users`
--

LOCK TABLES `users` WRITE;
/*!40000 ALTER TABLE `users` DISABLE KEYS */;
INSERT INTO `users` VALUES (1,'Zoltán','Császár',NULL,'Zoli06','+36302936790','zolixvagyok@gmail.com','$2a$10$YiZw/4LyyMsjgSMzGd4z0OTz/O1GjncE9s7Q8orL3lPxeVgy76BjC','2022-04-18 09:21:50','2022-04-30 10:56:49','Very first user',NULL),(2,'Mónika','Császár',NULL,'Anyu','+36305379809','csaszarmonika@gmail.hu','9f13dd3c28efd2dcc75f132496e42d184449256da960cb545dac54a76de99614','2022-04-19 01:21:34','2022-04-30 10:56:49','Second first user',NULL),(40,'Attila','Császár',NULL,'Ati',NULL,'-','$2b$10$j7Pj6WzFYzg1Crjxv2WbreyMEvyBNvK5oAGmPMMbLIbQABR/fVG46','2022-04-19 06:15:54','2022-04-30 10:56:49',NULL,NULL),(42,'János','Próba',NULL,'Próbagyerek',NULL,'valami@valami.hu','$2b$10$0xTUVc1uvIwWpJeDV8hIEO.lj0XSz5yADn4xmVNJfq0lJpIQotCby','2022-04-20 10:49:58','2022-04-30 10:56:49',NULL,NULL),(45,'István','Bartos','Cs.','bartos','+36301234567','email@address.com','$2a$10$YiZw/4LyyMsjgSMzGd4z0OTz/O1GjncE9s7Q8orL3lPxeVgy76BjC','2022-04-20 11:51:41','2022-05-04 12:28:38','próba intro bla bla',1),(61,'a','b',NULL,'c',NULL,'d','$2b$10$WdUcTS92EWAFkIXfYzpaqOJWkBZJGz.QQ9FoEP.9eIHz3hM3haP3u','2022-05-03 12:22:01','2022-05-03 12:22:01',NULL,NULL),(71,'f','g',NULL,'h',NULL,'i','$2b$10$BiidWuwfU2tK05CZ8r/2Cuq.WhdvssYpAuPe7JTPBhhqN648LKUYW','2022-05-03 12:22:29','2022-05-03 12:22:29',NULL,NULL),(81,'Zoltán','Császár','','admin','+36309876543','csaszar.zoltan_2021d@bolyai-szakkozep.hu','$2b$10$kKd5kaADOTr6Sl5Lv.69YOmzhfiHcUhNTzLUnzYZGpTjY7ygVCYWS','2022-05-05 08:16:04','2022-05-06 13:08:29','Admin user',1),(91,'Imogene','Barrows','Imogene','Orland54','770-588-3363','Camila87@hotmail.com','$2b$10$.A27VMlOw9/zQjFf.sXO/eE5sttzfQ2CXMr8xx8hDIC5sHhp7GS7.','2022-05-13 13:46:22','2022-05-13 13:46:22',NULL,NULL),(101,'Rudolph','Howe','Rudolph','Damien11','418-602-8904','Rocky38@hotmail.com','$2b$10$CNvOx.vMsuVaxPZM/.JYbOn3VSpaYue10QQ98QJJj0t3SGtN2sHQS','2022-05-13 13:49:19','2022-05-13 13:49:19',NULL,NULL),(111,'Jacinthe','Parker','Jacinthe','Nona.Murazik','450-346-7893','Maudie17@yahoo.com','$2b$10$BFIyF8K93d2Q5lzyyo2aM.YRVeBK8bsdkYI5ltGSgXNZLOSJA4ujK','2022-05-13 13:51:23','2022-05-13 13:51:23',NULL,NULL),(121,'Nora','Paucek','Nora','Jenifer38','569-764-8120','Carmel_Grady59@hotmail.com','$2b$10$Ub0Hnlyz5csPRxxtFaeClOJRf6YvGokuywxpeJHq.LI4Piy5buT6e','2022-05-13 13:52:01','2022-05-13 13:52:01',NULL,NULL),(131,'Rhett','Stark','Rhett','Amos.Wolf','741-240-5006','Rashad.DuBuque38@gmail.com','$2b$10$L2y1xNvlpfSZdML2Vucvr.WvjPqwyUo/keUbSf6VNj.387WdmCDGa','2022-05-13 13:52:58','2022-05-13 13:52:58',NULL,NULL),(141,'Erwin','Turcotte','Erwin','Sedrick75','765-451-7965','Darius.Walter@hotmail.com','$2b$10$qUf7CDFzCrceDYrmx/q8HuP36Aw0eE6P2YA9k.DnbeYANZQtSdZ3K','2022-05-13 13:53:37','2022-05-13 13:53:37',NULL,NULL),(151,'Cathryn','Doyle','Cathryn','Tyreek.Wiza','656-610-6180','Hermina_Morissette54@gmail.com','$2b$10$oWFYzzzOk3rFbPFnPI1pvOtM5cJ1hq3Pkr9D3khWnuDwEvLWDQFFG','2022-05-13 13:57:59','2022-05-13 13:57:59',NULL,NULL),(161,'Rhianna','Gibson','Rhianna','Viviane_Yost','286-484-8924','Lyric.Kuhic@gmail.com','$2b$10$GAAVgVahxIglh6IrchblLOF0RHMXC/gU1z7T6hvGDw.G2in2a/hZa','2022-05-13 13:58:25','2022-05-13 13:58:25',NULL,NULL),(171,'Major','Hegmann','Major','Amir.Hermiston','579-273-6074','Lavada66@hotmail.com','$2b$10$uvez0EgOY7bY4i59ZQwNneV7HOFI9Yl.RUdoPFcLbVktYN.4tXtIm','2022-05-13 13:58:38','2022-05-13 13:58:38',NULL,NULL),(181,'Destinee','Tillman','Destinee','Nettie.Gutmann17','445-501-1712','Dayana59@gmail.com','$2b$10$8AdZb6nOe4EsZpdPCPKW3uzw4x03Fw5NXGWhDQdilpZ7d2VKOhjt6','2022-05-13 13:59:10','2022-05-13 13:59:10',NULL,NULL),(191,'Jannie','Spencer','Jannie','Caleigh_Ortiz','573-963-7075','Lila_OConner@yahoo.com','$2b$10$ESl4qe5.NNVTKpW0cLKzpOykjQnGNlU0qkFX1OFHmaz6gMTDvqFUq','2022-05-13 14:00:21','2022-05-13 14:00:21',NULL,NULL),(201,'Janessa','Rice','Janessa','Kamron95','804-210-6921','Earnestine.Crist97@hotmail.com','$2a$10$NfA2jIZmkj1hVQ26oa5TNeg2b9lkWM2ly7j1KJY6z.mlQmIvrZpGC','2022-05-13 14:02:17','2022-05-13 14:02:17',NULL,NULL),(211,'Richard','Hegmann','Richard','Alexandria57','956-611-4899','Cullen.Vandervort@yahoo.com','$2a$10$NfA2jIZmkj1hVQ26oa5TNeg2b9lkWM2ly7j1KJY6z.mlQmIvrZpGC','2022-05-13 14:02:38','2022-05-13 14:02:38',NULL,NULL),(221,'Alva','Ullrich','Alva','Cleta.Feest10','821-709-8910','Clark41@hotmail.com','$2a$10$NfA2jIZmkj1hVQ26oa5TNeg2b9lkWM2ly7j1KJY6z.mlQmIvrZpGC','2022-05-13 14:03:31','2022-05-13 14:03:31',NULL,NULL),(231,'Deven','Mante','Deven','Marianne59','967-337-1452','Cale_Waters56@gmail.com','$2a$10$NfA2jIZmkj1hVQ26oa5TNeg2b9lkWM2ly7j1KJY6z.mlQmIvrZpGC','2022-05-13 14:04:04','2022-05-13 14:04:04',NULL,NULL),(241,'Vernon','Legros','Vernon','Liza_Dickens','531-571-8573','Myron55@gmail.com','$2a$10$NfA2jIZmkj1hVQ26oa5TNeg2b9lkWM2ly7j1KJY6z.mlQmIvrZpGC','2022-05-13 14:04:36','2022-05-13 14:04:36',NULL,NULL),(251,'Shanelle','Heathcote','Shanelle','Jaycee_Schaden75','840-254-5280','Charlene_Hoeger15@yahoo.com','$2a$10$NfA2jIZmkj1hVQ26oa5TNeg2b9lkWM2ly7j1KJY6z.mlQmIvrZpGC','2022-05-13 14:07:16','2022-05-13 14:07:16',NULL,NULL),(261,'Christiana','Shanahan','Christiana','Ludwig.Kozey23','489-979-9760','Chelsie_Smith25@yahoo.com','$2a$10$NfA2jIZmkj1hVQ26oa5TNeg2b9lkWM2ly7j1KJY6z.mlQmIvrZpGC','2022-05-13 14:08:18','2022-05-13 14:08:18',NULL,NULL),(321,'Lisette','Fadel','Lisette','Audreanne_Johnston53','324-639-1856','Adella_Connelly@gmail.com','$2a$10$NfA2jIZmkj1hVQ26oa5TNeg2b9lkWM2ly7j1KJY6z.mlQmIvrZpGC','2022-05-13 14:14:06','2022-05-13 14:14:06',NULL,NULL),(331,'Antonette','Rohan','Antonette','Ernestina.Marvin15','787-353-2946','Erica_Larson@gmail.com','$2a$10$NfA2jIZmkj1hVQ26oa5TNeg2b9lkWM2ly7j1KJY6z.mlQmIvrZpGC','2022-05-14 14:54:45','2022-05-14 14:54:45',NULL,NULL),(341,'Bettie','Baumbach','Bettie','Emilia57','491-550-7155','Alena.Heathcote12@gmail.com','$2a$10$NfA2jIZmkj1hVQ26oa5TNeg2b9lkWM2ly7j1KJY6z.mlQmIvrZpGC','2022-05-14 14:55:14','2022-05-14 14:55:14',NULL,NULL),(351,'Mariano','Weimann','Mariano','Waldo_Crona41','474-619-4383','Golden_Deckow94@gmail.com','$2a$10$NfA2jIZmkj1hVQ26oa5TNeg2b9lkWM2ly7j1KJY6z.mlQmIvrZpGC','2022-05-14 14:56:04','2022-05-14 14:56:04',NULL,NULL),(361,'Conner','Cronin','Conner','Amaya.Hintz86','471-747-4543','Gerson_Hessel@yahoo.com','$2a$10$NfA2jIZmkj1hVQ26oa5TNeg2b9lkWM2ly7j1KJY6z.mlQmIvrZpGC','2022-05-14 15:00:48','2022-05-14 15:00:48',NULL,NULL),(371,'Elenora','Bradtke','Elenora','Ena.Kulas33','863-908-9299','Hipolito.Ullrich@hotmail.com','$2a$10$NfA2jIZmkj1hVQ26oa5TNeg2b9lkWM2ly7j1KJY6z.mlQmIvrZpGC','2022-05-14 15:00:57','2022-05-14 15:00:57',NULL,NULL),(381,'Tristian','Welch','Tristian','Nikki10','546-548-3506','Friedrich_Kihn@hotmail.com','$2a$10$NfA2jIZmkj1hVQ26oa5TNeg2b9lkWM2ly7j1KJY6z.mlQmIvrZpGC','2022-05-14 15:11:21','2022-05-14 15:11:21',NULL,NULL),(391,'Taylor','Gerlach','Taylor','Amir_Wuckert','575-880-9329','Lazaro.Weissnat@gmail.com','$2a$10$NfA2jIZmkj1hVQ26oa5TNeg2b9lkWM2ly7j1KJY6z.mlQmIvrZpGC','2022-05-14 15:19:26','2022-05-14 15:19:26',NULL,NULL),(401,'Ervin','Hamill','Ervin','Sister45','926-419-1357','Penelope36@hotmail.com','$2a$10$NfA2jIZmkj1hVQ26oa5TNeg2b9lkWM2ly7j1KJY6z.mlQmIvrZpGC','2022-05-14 15:20:02','2022-05-14 15:20:02',NULL,NULL),(411,'Antonio','Kuhic','Antonio','Hermina.Pfannerstill35','305-542-4140','Jalyn.Carter@hotmail.com','$2a$10$NfA2jIZmkj1hVQ26oa5TNeg2b9lkWM2ly7j1KJY6z.mlQmIvrZpGC','2022-05-14 15:20:44','2022-05-14 15:20:44',NULL,NULL),(421,'Merritt','Keebler','Merritt','Joyce.Bergnaum53','428-257-4557','Lane_Schroeder4@hotmail.com','$2a$10$NfA2jIZmkj1hVQ26oa5TNeg2b9lkWM2ly7j1KJY6z.mlQmIvrZpGC','2022-05-14 15:20:59','2022-05-14 15:20:59',NULL,NULL),(431,'Orlando','Breitenberg','Orlando','Florida35','535-456-9536','Elijah.Lemke8@yahoo.com','$2a$10$NfA2jIZmkj1hVQ26oa5TNeg2b9lkWM2ly7j1KJY6z.mlQmIvrZpGC','2022-05-14 15:21:06','2022-05-14 15:21:06',NULL,NULL),(441,'Anissa','McClure','Anissa','Dusty_Zulauf','382-880-0596','London73@hotmail.com','$2a$10$NfA2jIZmkj1hVQ26oa5TNeg2b9lkWM2ly7j1KJY6z.mlQmIvrZpGC','2022-05-14 15:22:01','2022-05-14 15:22:01',NULL,NULL),(451,'Kiel','Beatty','Kiel','Joyce53','254-578-4391','Amelia.Ebert88@hotmail.com','$2a$10$NfA2jIZmkj1hVQ26oa5TNeg2b9lkWM2ly7j1KJY6z.mlQmIvrZpGC','2022-05-14 15:22:40','2022-05-14 15:22:40',NULL,NULL),(461,'Adelle','Stracke','Adelle','Joy86','277-488-5901','Jerrell37@yahoo.com','$2a$10$NfA2jIZmkj1hVQ26oa5TNeg2b9lkWM2ly7j1KJY6z.mlQmIvrZpGC','2022-05-14 15:23:08','2022-05-14 15:23:08',NULL,NULL),(471,'Nellie','Schamberger','Nellie','Tressa22','751-742-2291','Ottilie_Treutel@yahoo.com','$2a$10$NfA2jIZmkj1hVQ26oa5TNeg2b9lkWM2ly7j1KJY6z.mlQmIvrZpGC','2022-05-14 15:23:34','2022-05-14 15:23:34',NULL,NULL),(481,'Abdul','Lowe','Abdul','Lennie.Schiller61','610-482-3778','Grant53@hotmail.com','$2a$10$NfA2jIZmkj1hVQ26oa5TNeg2b9lkWM2ly7j1KJY6z.mlQmIvrZpGC','2022-05-14 15:24:04','2022-05-14 15:24:04',NULL,NULL),(491,'Louvenia','Dibbert','Louvenia','Queenie.Kozey','291-222-4626','Kallie_Windler45@hotmail.com','$2a$10$NfA2jIZmkj1hVQ26oa5TNeg2b9lkWM2ly7j1KJY6z.mlQmIvrZpGC','2022-05-14 15:26:17','2022-05-14 15:26:17',NULL,NULL),(501,'Stacey','Abernathy','Stacey','Jeromy54','967-219-4754','Eliezer2@yahoo.com','$2a$10$NfA2jIZmkj1hVQ26oa5TNeg2b9lkWM2ly7j1KJY6z.mlQmIvrZpGC','2022-05-14 15:26:44','2022-05-14 15:26:44',NULL,NULL),(511,'Nola','Hermiston','Nola','Margarette.Bernier0','434-202-3858','Alena.Cormier80@hotmail.com','$2a$10$NfA2jIZmkj1hVQ26oa5TNeg2b9lkWM2ly7j1KJY6z.mlQmIvrZpGC','2022-05-14 15:29:33','2022-05-14 15:29:33',NULL,NULL),(521,'Bethany','Hilll','Bethany','Melody.Koelpin47','537-385-7765','Wilson_Emmerich@yahoo.com','$2a$10$NfA2jIZmkj1hVQ26oa5TNeg2b9lkWM2ly7j1KJY6z.mlQmIvrZpGC','2022-05-14 15:31:47','2022-05-14 15:31:47',NULL,NULL),(531,'Francis','Douglas','Francis','Paul_Towne','523-642-7504','Vicenta.Langosh@yahoo.com','$2a$10$NfA2jIZmkj1hVQ26oa5TNeg2b9lkWM2ly7j1KJY6z.mlQmIvrZpGC','2022-05-14 15:32:34','2022-05-14 15:32:34',NULL,NULL),(541,'Jess','Koelpin','Jess','Lawson_Walsh','576-255-9657','Emmitt70@yahoo.com','$2a$10$NfA2jIZmkj1hVQ26oa5TNeg2b9lkWM2ly7j1KJY6z.mlQmIvrZpGC','2022-05-14 15:35:40','2022-05-14 15:35:40',NULL,NULL),(551,'Amya','Kutch','Amya','Dovie83','716-890-5941','Selena.Heaney27@hotmail.com','$2a$10$NfA2jIZmkj1hVQ26oa5TNeg2b9lkWM2ly7j1KJY6z.mlQmIvrZpGC','2022-05-14 15:36:35','2022-05-14 15:36:35',NULL,NULL),(561,'Katelyn','Hauck','Katelyn','Dimitri_Goldner','328-698-5603','Brett88@hotmail.com','$2a$10$NfA2jIZmkj1hVQ26oa5TNeg2b9lkWM2ly7j1KJY6z.mlQmIvrZpGC','2022-05-14 15:36:55','2022-05-14 15:36:55',NULL,NULL),(571,'Frank','Kling','Frank','Jerad_Zieme','847-490-3608','Jerel62@hotmail.com','$2a$10$NfA2jIZmkj1hVQ26oa5TNeg2b9lkWM2ly7j1KJY6z.mlQmIvrZpGC','2022-05-14 15:38:10','2022-05-14 15:38:10',NULL,NULL),(581,'Sandy','Gottlieb','Sandy','Brisa30','543-745-4209','Carolyne.Wisoky3@yahoo.com','$2a$10$NfA2jIZmkj1hVQ26oa5TNeg2b9lkWM2ly7j1KJY6z.mlQmIvrZpGC','2022-05-14 15:39:56','2022-05-14 15:39:56',NULL,NULL),(591,'Cary','Kuvalis','Cary','Arne.Funk','544-987-7898','Tamara0@hotmail.com','$2a$10$NfA2jIZmkj1hVQ26oa5TNeg2b9lkWM2ly7j1KJY6z.mlQmIvrZpGC','2022-05-14 15:40:07','2022-05-14 15:40:07',NULL,NULL),(601,'Clotilde','Murphy','Clotilde','Filiberto.Casper','869-997-5610','Mattie_Erdman@hotmail.com','$2a$10$NfA2jIZmkj1hVQ26oa5TNeg2b9lkWM2ly7j1KJY6z.mlQmIvrZpGC','2022-05-14 15:44:25','2022-05-14 15:44:25',NULL,NULL),(611,'Zula','Kris','Zula','Nelson_Klocko','664-618-5498','Samantha_Boehm31@gmail.com','$2a$10$NfA2jIZmkj1hVQ26oa5TNeg2b9lkWM2ly7j1KJY6z.mlQmIvrZpGC','2022-05-14 15:45:40','2022-05-14 15:45:40',NULL,NULL),(621,'Nikki','Torp','Nikki','Concepcion.Runolfsdottir3','853-755-9477','Brenna_Wehner@gmail.com','$2a$10$NfA2jIZmkj1hVQ26oa5TNeg2b9lkWM2ly7j1KJY6z.mlQmIvrZpGC','2022-05-14 15:46:45','2022-05-14 15:46:45',NULL,NULL),(631,'Jammie','Flatley','Jammie','Filiberto_Jaskolski','743-464-7779','Archibald.Dibbert92@hotmail.com','$2a$10$NfA2jIZmkj1hVQ26oa5TNeg2b9lkWM2ly7j1KJY6z.mlQmIvrZpGC','2022-05-14 15:47:31','2022-05-14 15:47:31',NULL,NULL),(641,'Francisca','Moen','Alda','Jaclyn_Trantow','930-694-2523','Wilburn_Lockman@gmail.com','$2a$10$NfA2jIZmkj1hVQ26oa5TNeg2b9lkWM2ly7j1KJY6z.mlQmIvrZpGC','2022-05-14 15:48:26','2022-05-14 15:48:26',NULL,NULL),(651,'Paula','Hamill','Amari','Tremayne.Flatley3','641-726-9023','Genoveva.Medhurst@gmail.com','$2a$10$NfA2jIZmkj1hVQ26oa5TNeg2b9lkWM2ly7j1KJY6z.mlQmIvrZpGC','2022-05-14 15:49:38','2022-05-14 15:49:38',NULL,NULL),(661,'Octavia','Johns','Liza','Colton.Nolan58','594-574-5009','Oma86@hotmail.com','$2a$10$NfA2jIZmkj1hVQ26oa5TNeg2b9lkWM2ly7j1KJY6z.mlQmIvrZpGC','2022-05-14 16:08:32','2022-05-14 16:08:32',NULL,NULL),(671,'Francis','Wintheiser','Harmon','Laverne38','401-731-3572','Eva.Rippin77@hotmail.com','$2a$10$NfA2jIZmkj1hVQ26oa5TNeg2b9lkWM2ly7j1KJY6z.mlQmIvrZpGC','2022-05-14 16:09:15','2022-05-14 16:09:15',NULL,NULL),(681,'Retha','Botsford','Glen','Alec_Bogan83','324-691-3750','Cora.Ortiz43@gmail.com','$2a$10$NfA2jIZmkj1hVQ26oa5TNeg2b9lkWM2ly7j1KJY6z.mlQmIvrZpGC','2022-05-14 16:09:29','2022-05-14 16:09:29',NULL,NULL),(691,'Roscoe','Kulas','Aaliyah','Beaulah.Kilback','988-722-8808','Maverick.Feeney@gmail.com','$2a$10$NfA2jIZmkj1hVQ26oa5TNeg2b9lkWM2ly7j1KJY6z.mlQmIvrZpGC','2022-05-14 16:21:10','2022-05-14 16:21:10',NULL,NULL),(701,'Magnolia','Kessler','Jakob','Hayley55','535-368-6077','Gilda.Wyman70@hotmail.com','$2a$10$NfA2jIZmkj1hVQ26oa5TNeg2b9lkWM2ly7j1KJY6z.mlQmIvrZpGC','2022-05-14 16:21:12','2022-05-14 16:21:12',NULL,NULL),(711,'Johan','Leuschke','Gideon','Clinton29','462-342-6581','Soledad_Sauer69@gmail.com','$2a$10$NfA2jIZmkj1hVQ26oa5TNeg2b9lkWM2ly7j1KJY6z.mlQmIvrZpGC','2022-05-14 16:21:13','2022-05-14 16:21:13',NULL,NULL),(721,'Chanel','Graham','Joanne','Mack16','672-935-7889','Rico62@yahoo.com','$2a$10$NfA2jIZmkj1hVQ26oa5TNeg2b9lkWM2ly7j1KJY6z.mlQmIvrZpGC','2022-05-14 16:21:14','2022-05-14 16:21:14',NULL,NULL),(731,'Jade','O\'Reilly','Sigmund','Jesus5','344-562-8001','Marian.Leannon@yahoo.com','$2a$10$NfA2jIZmkj1hVQ26oa5TNeg2b9lkWM2ly7j1KJY6z.mlQmIvrZpGC','2022-05-14 16:21:15','2022-05-14 16:21:15',NULL,NULL),(741,'Vickie','Connelly','Woodrow','Edwin_Hermiston68','614-691-2258','Jolie_Kilback27@yahoo.com','$2a$10$NfA2jIZmkj1hVQ26oa5TNeg2b9lkWM2ly7j1KJY6z.mlQmIvrZpGC','2022-05-14 16:21:16','2022-05-14 16:21:16',NULL,NULL),(751,'Dina','Keeling','Monica','Gayle.Emard35','875-925-6030','Daphney58@hotmail.com','$2a$10$NfA2jIZmkj1hVQ26oa5TNeg2b9lkWM2ly7j1KJY6z.mlQmIvrZpGC','2022-05-14 16:21:17','2022-05-14 16:21:17',NULL,NULL),(761,'Clarabelle','Cormier','Buddy','Ethel44','595-408-2055','Khalid78@hotmail.com','$2a$10$NfA2jIZmkj1hVQ26oa5TNeg2b9lkWM2ly7j1KJY6z.mlQmIvrZpGC','2022-05-14 16:21:18','2022-05-14 16:21:18',NULL,NULL),(771,'Eduardo','Haley','Era','Amanda77','208-410-4680','Hiram_Barton64@hotmail.com','$2a$10$NfA2jIZmkj1hVQ26oa5TNeg2b9lkWM2ly7j1KJY6z.mlQmIvrZpGC','2022-05-14 16:25:37','2022-05-14 16:25:37',NULL,NULL),(781,'William','Schiller','Oda','Domenica5','419-903-7735','Colby.Deckow@gmail.com','$2a$10$NfA2jIZmkj1hVQ26oa5TNeg2b9lkWM2ly7j1KJY6z.mlQmIvrZpGC','2022-05-14 16:25:38','2022-05-14 16:25:38',NULL,NULL),(791,'Kian','Breitenberg','Kyler','Desiree78','925-218-6548','Dino.Rath@hotmail.com','$2a$10$NfA2jIZmkj1hVQ26oa5TNeg2b9lkWM2ly7j1KJY6z.mlQmIvrZpGC','2022-05-14 16:25:39','2022-05-14 16:25:39',NULL,NULL),(801,'Willard','Cartwright','Austin','Janis6','639-930-2052','Annette75@hotmail.com','$2a$10$NfA2jIZmkj1hVQ26oa5TNeg2b9lkWM2ly7j1KJY6z.mlQmIvrZpGC','2022-05-14 16:25:40','2022-05-14 16:25:40',NULL,NULL),(811,'Genesis','Bailey','Jordane','Filiberto.Greenfelder41','833-600-6147','Joannie.Sipes26@gmail.com','$2a$10$NfA2jIZmkj1hVQ26oa5TNeg2b9lkWM2ly7j1KJY6z.mlQmIvrZpGC','2022-05-14 16:25:41','2022-05-14 16:25:41',NULL,NULL),(821,'Myron','Reynolds','Terrance','Tyra52','540-202-1868','Marguerite1@hotmail.com','$2a$10$NfA2jIZmkj1hVQ26oa5TNeg2b9lkWM2ly7j1KJY6z.mlQmIvrZpGC','2022-05-14 16:25:42','2022-05-14 16:25:42',NULL,NULL),(831,'Brayan','Mayert','Darien','Curtis.Kerluke','864-375-6891','Belle99@yahoo.com','$2a$10$NfA2jIZmkj1hVQ26oa5TNeg2b9lkWM2ly7j1KJY6z.mlQmIvrZpGC','2022-05-14 16:25:43','2022-05-14 16:25:43',NULL,NULL),(841,'Hilario','Friesen','Johnathan','Sedrick.Ruecker','798-545-3745','Stanton_Cormier82@gmail.com','$2a$10$NfA2jIZmkj1hVQ26oa5TNeg2b9lkWM2ly7j1KJY6z.mlQmIvrZpGC','2022-05-14 16:25:44','2022-05-14 16:25:44',NULL,NULL),(851,'Jordy','Harris','Alena','Jennifer.Torp','369-484-0375','Mozell.Hermann21@hotmail.com','$2a$10$NfA2jIZmkj1hVQ26oa5TNeg2b9lkWM2ly7j1KJY6z.mlQmIvrZpGC','2022-05-14 16:27:08','2022-05-14 16:27:08',NULL,NULL),(861,'Lucinda','Hyatt','Everardo','Danial_Zemlak','233-290-5716','Cade42@hotmail.com','$2a$10$NfA2jIZmkj1hVQ26oa5TNeg2b9lkWM2ly7j1KJY6z.mlQmIvrZpGC','2022-05-14 16:27:10','2022-05-14 16:27:10',NULL,NULL),(921,'','','','','','','$2a$10$NfA2jIZmkj1hVQ26oa5TNeg2b9lkWM2ly7j1KJY6z.mlQmIvrZpGC','2022-05-14 17:13:46','2022-05-14 17:13:46','',NULL),(961,'Ernesto','Keebler','Ceasar','Freeda62','336-473-5113','Percy74@yahoo.com','$2a$10$NfA2jIZmkj1hVQ26oa5TNeg2b9lkWM2ly7j1KJY6z.mlQmIvrZpGC','2022-05-14 17:23:30','2022-05-14 17:23:30','Recusandae distinctio cum voluptatem ut numquam sunt.',NULL),(971,'Berry','Rogahn','Leola','Grover.Roob','954-480-9066','Lupe18@yahoo.com','$2a$10$NfA2jIZmkj1hVQ26oa5TNeg2b9lkWM2ly7j1KJY6z.mlQmIvrZpGC','2022-05-14 17:28:18','2022-05-14 17:28:18','Laborum harum officiis vero omnis similique ut corrupti.',NULL),(981,'Lacey','Braun','Amira','Cindy_Simonis66','486-436-1700','Dannie65@yahoo.com','$2a$10$NfA2jIZmkj1hVQ26oa5TNeg2b9lkWM2ly7j1KJY6z.mlQmIvrZpGC','2022-05-14 17:28:31','2022-05-14 17:28:31','Labore debitis error velit qui aut voluptas quia.',NULL),(991,'Kari','Jacobson','Frederique','Jeramie74','440-687-8606','Pierce.Kautzer70@yahoo.com','$2a$10$NfA2jIZmkj1hVQ26oa5TNeg2b9lkWM2ly7j1KJY6z.mlQmIvrZpGC','2022-05-14 17:28:32','2022-05-14 17:28:32','Ipsum doloribus qui est a est maiores eligendi dolores adipisci.',NULL),(1001,'Marcel','Boyle','Elna','Rosetta52','592-766-6219','Concepcion.Thompson13@yahoo.com','$2a$10$NfA2jIZmkj1hVQ26oa5TNeg2b9lkWM2ly7j1KJY6z.mlQmIvrZpGC','2022-05-14 17:29:47','2022-05-14 17:29:47','Distinctio fugit quam vel voluptatem provident illum.',NULL),(1011,'Carole','Willms','Albertha','Destini84','565-313-6936','Tate.Durgan@hotmail.com','$2a$10$NfA2jIZmkj1hVQ26oa5TNeg2b9lkWM2ly7j1KJY6z.mlQmIvrZpGC','2022-05-14 17:30:11','2022-05-14 17:30:11','Quisquam qui autem fugiat quia.',NULL),(1021,'Alysha','Green','Elta','Magnus.Botsford88','617-902-0742','Dana1@yahoo.com','$2a$10$NfA2jIZmkj1hVQ26oa5TNeg2b9lkWM2ly7j1KJY6z.mlQmIvrZpGC','2022-05-14 17:30:26','2022-05-14 17:30:26','Illo et eius nesciunt.',NULL),(1031,'Keegan','Botsford','Jazmin','Domenick.Walker','396-880-9395','Elroy.Lehner@yahoo.com','$2a$10$NfA2jIZmkj1hVQ26oa5TNeg2b9lkWM2ly7j1KJY6z.mlQmIvrZpGC','2022-05-14 17:30:27','2022-05-14 17:30:27','Voluptatum non fuga facere eaque nihil nihil aperiam nemo voluptatem.',NULL),(1041,'Wanda','Keeling','Angie','Delpha.Bergnaum8','960-842-9258','Leonora42@hotmail.com','$2a$10$NfA2jIZmkj1hVQ26oa5TNeg2b9lkWM2ly7j1KJY6z.mlQmIvrZpGC','2022-05-14 17:30:43','2022-05-14 17:30:43','Voluptate sed reprehenderit est.',NULL),(1051,'Orval','Hagenes','Virginie','Maud33','853-756-8995','Vaughn_Hills@gmail.com','$2a$10$NfA2jIZmkj1hVQ26oa5TNeg2b9lkWM2ly7j1KJY6z.mlQmIvrZpGC','2022-05-14 17:35:22','2022-05-14 17:35:22','Et ad enim sint sequi blanditiis reprehenderit.',NULL),(1061,'Nannie','Fay','German','Jaqueline.Metz7','509-819-3639','Orlando.Hyatt64@hotmail.com','$2a$10$NfA2jIZmkj1hVQ26oa5TNeg2b9lkWM2ly7j1KJY6z.mlQmIvrZpGC','2022-05-14 17:35:23','2022-05-14 17:35:23','Velit consectetur ut quo sed repellendus.',NULL),(1071,'Tyrique','Goyette','Minnie','Hilda1','978-807-9781','Deon_Bergnaum@hotmail.com','$2a$10$NfA2jIZmkj1hVQ26oa5TNeg2b9lkWM2ly7j1KJY6z.mlQmIvrZpGC','2022-05-14 17:35:25','2022-05-14 17:35:25','Aut dolores molestiae sed libero omnis non.',NULL),(1081,'Rashad','Towne','Leatha','Garfield.Sanford','250-246-6070','Ottilie68@hotmail.com','$2a$10$NfA2jIZmkj1hVQ26oa5TNeg2b9lkWM2ly7j1KJY6z.mlQmIvrZpGC','2022-05-14 17:35:26','2022-05-14 17:35:26','Enim eum veritatis.',NULL),(1091,'Jacinto','Lynch','Rafael','Ebony_Langworth','756-463-1584','Felicity_Anderson@hotmail.com','$2a$10$NfA2jIZmkj1hVQ26oa5TNeg2b9lkWM2ly7j1KJY6z.mlQmIvrZpGC','2022-05-14 17:35:57','2022-05-14 17:35:57','Ex possimus ut maiores molestiae vel alias.',NULL),(1101,'Kirk','Hamill','Luis','Malinda16','583-474-2765','Antone_Moore81@hotmail.com','$2a$10$NfA2jIZmkj1hVQ26oa5TNeg2b9lkWM2ly7j1KJY6z.mlQmIvrZpGC','2022-05-14 17:35:58','2022-05-14 17:35:58','Non est quia reiciendis consequuntur aut laboriosam laboriosam est est.',NULL),(1111,'Dante','Koepp','Greg','Virgil_Gibson55','814-353-3168','Eulalia_Gislason@hotmail.com','$2a$10$NfA2jIZmkj1hVQ26oa5TNeg2b9lkWM2ly7j1KJY6z.mlQmIvrZpGC','2022-05-14 17:37:50','2022-05-14 17:37:50','Et nam cupiditate voluptatem.',NULL),(1121,'Casandra','Ebert','Deondre','Philip.Lynch39','559-423-2133','Kylie_Morar11@gmail.com','$2a$10$NfA2jIZmkj1hVQ26oa5TNeg2b9lkWM2ly7j1KJY6z.mlQmIvrZpGC','2022-05-14 17:37:51','2022-05-14 17:37:51','Itaque magnam totam expedita velit.',NULL),(1131,'Tierra','Quigley','Hal','Sibyl_Langworth','918-329-4125','Elouise_Wilkinson73@hotmail.com','$2a$10$NfA2jIZmkj1hVQ26oa5TNeg2b9lkWM2ly7j1KJY6z.mlQmIvrZpGC','2022-05-14 17:40:44','2022-05-14 17:40:44','Quaerat vel dolores quod voluptas et.',NULL),(1141,'Stefan','Jenkins','Crystel','Dorris9','934-592-5677','Ahmad_McCullough@gmail.com','$2a$10$NfA2jIZmkj1hVQ26oa5TNeg2b9lkWM2ly7j1KJY6z.mlQmIvrZpGC','2022-05-14 17:40:45','2022-05-14 17:40:45','Minus atque perferendis rerum sint neque et earum sunt omnis.',NULL),(1151,'Nola','Padberg','Jake','Richard.Gottlieb38','272-465-8924','Jalen.Hirthe93@gmail.com','$2a$10$NfA2jIZmkj1hVQ26oa5TNeg2b9lkWM2ly7j1KJY6z.mlQmIvrZpGC','2022-05-14 17:41:20','2022-05-14 17:41:20','Dolorem nam quia.',NULL),(1161,'Amira','Runolfsdottir','Milan','Frieda67','907-450-3023','Rosendo.Auer37@yahoo.com','$2a$10$NfA2jIZmkj1hVQ26oa5TNeg2b9lkWM2ly7j1KJY6z.mlQmIvrZpGC','2022-05-14 17:41:21','2022-05-14 17:41:21','Quia velit nisi quia at sit tempora quia consequatur.',NULL),(1171,'Conrad','Roberts','Wilber','Mariela.Weber','690-639-1338','Ian17@yahoo.com','$2a$10$NfA2jIZmkj1hVQ26oa5TNeg2b9lkWM2ly7j1KJY6z.mlQmIvrZpGC','2022-05-14 17:58:21','2022-05-14 17:58:21','Nesciunt rerum voluptates dicta.',NULL),(1181,'Alfonzo','Gutmann','Jeromy','Penelope88','615-434-2188','Jonathon69@yahoo.com','$2a$10$NfA2jIZmkj1hVQ26oa5TNeg2b9lkWM2ly7j1KJY6z.mlQmIvrZpGC','2022-05-14 17:58:23','2022-05-14 17:58:23','Sed animi rerum nesciunt quidem.',NULL),(1191,'Tyrel','Ryan','Mya','Nicolas_Pfannerstill93','901-698-5246','Alexandria82@gmail.com','$2a$10$NfA2jIZmkj1hVQ26oa5TNeg2b9lkWM2ly7j1KJY6z.mlQmIvrZpGC','2022-05-14 18:16:58','2022-05-14 18:16:58','Sint sunt quasi ullam asperiores.',NULL),(1201,'Ruby','Adams','Carley','Columbus.Feest','586-600-1606','Rosie.Christiansen77@gmail.com','$2a$10$NfA2jIZmkj1hVQ26oa5TNeg2b9lkWM2ly7j1KJY6z.mlQmIvrZpGC','2022-05-14 18:17:45','2022-05-14 18:17:45','Fuga laborum ut dolor quia suscipit eos dicta beatae voluptates.',NULL),(1211,'Connie','Daugherty','Jayda','Jakob.Hoeger','490-801-8430','Telly.Simonis@gmail.com','$2a$10$NfA2jIZmkj1hVQ26oa5TNeg2b9lkWM2ly7j1KJY6z.mlQmIvrZpGC','2022-05-14 18:17:46','2022-05-14 18:17:46','Autem sapiente quas expedita aut et.',NULL),(1221,'Hermina','Brekke','Omari','Alexane98','843-543-9705','Remington.Kub28@yahoo.com','$2a$10$NfA2jIZmkj1hVQ26oa5TNeg2b9lkWM2ly7j1KJY6z.mlQmIvrZpGC','2022-05-14 18:32:23','2022-05-14 18:32:23','Quia unde beatae.',NULL),(1231,'Eudora','Doyle','Domenica','Trinity_Casper','287-631-6346','Shad3@yahoo.com','$2a$10$NfA2jIZmkj1hVQ26oa5TNeg2b9lkWM2ly7j1KJY6z.mlQmIvrZpGC','2022-05-14 18:32:24','2022-05-14 18:32:24','Recusandae id aliquam nobis qui est est beatae quaerat reprehenderit.',NULL),(1241,'Anika','Walter','Leonie','Jared3','910-939-1753','Alice.Hoppe43@yahoo.com','$2a$10$NfA2jIZmkj1hVQ26oa5TNeg2b9lkWM2ly7j1KJY6z.mlQmIvrZpGC','2022-05-14 18:36:20','2022-05-14 18:36:20','Fugiat ut eos hic.',NULL),(1251,'Luella','Maggio','Peter','Ramon_Kuhic50','840-647-3349','Claude61@gmail.com','$2a$10$NfA2jIZmkj1hVQ26oa5TNeg2b9lkWM2ly7j1KJY6z.mlQmIvrZpGC','2022-05-14 18:36:21','2022-05-14 18:36:21','Repellat perspiciatis voluptas dignissimos quod molestiae aut ullam.',NULL),(1261,'Cordell','Cremin','Darian','Zack_Wilderman','746-523-5486','Jade.Daniel70@hotmail.com','$2a$10$NfA2jIZmkj1hVQ26oa5TNeg2b9lkWM2ly7j1KJY6z.mlQmIvrZpGC','2022-05-14 18:36:52','2022-05-14 18:36:52','Quia fugiat nisi et ex.',NULL),(1271,'Rachael','Lueilwitz','Barton','Fern_Prosacco54','535-678-7630','Devante50@gmail.com','$2a$10$NfA2jIZmkj1hVQ26oa5TNeg2b9lkWM2ly7j1KJY6z.mlQmIvrZpGC','2022-05-14 18:36:53','2022-05-14 18:36:53','Minima ut tenetur officia accusantium qui ullam maxime ipsa.',NULL),(1281,'Jazlyn','Roberts','Agnes','Hilda_Weissnat18','409-419-2580','Delores.Lemke90@yahoo.com','$2a$10$NfA2jIZmkj1hVQ26oa5TNeg2b9lkWM2ly7j1KJY6z.mlQmIvrZpGC','2022-05-14 18:37:06','2022-05-14 18:37:06','Quas quo mollitia.',NULL),(1291,'Sabina','Olson','Kelsi','Leila83','952-268-7453','Jennyfer.Hettinger38@yahoo.com','$2a$10$NfA2jIZmkj1hVQ26oa5TNeg2b9lkWM2ly7j1KJY6z.mlQmIvrZpGC','2022-05-14 18:37:08','2022-05-14 18:37:08','Vel doloremque et quaerat officia vitae a et enim molestiae.',NULL),(1301,'Rosalia','Schultz','Wilfrid','Frederik55','645-832-4742','Estrella_Emard@gmail.com','$2a$10$NfA2jIZmkj1hVQ26oa5TNeg2b9lkWM2ly7j1KJY6z.mlQmIvrZpGC','2022-05-14 18:48:00','2022-05-14 18:48:00','Est et officiis veritatis sunt.',NULL),(1311,'Hyman','Rohan','Whitney','Yazmin.Lubowitz','768-410-1558','Barney.Mitchell@hotmail.com','$2a$10$NfA2jIZmkj1hVQ26oa5TNeg2b9lkWM2ly7j1KJY6z.mlQmIvrZpGC','2022-05-14 18:48:01','2022-05-14 18:48:01','Harum voluptatem rerum.',NULL),(1321,'Hobart','Hahn','Brain','Woodrow.Crooks','303-306-5895','Duane70@yahoo.com','$2a$10$NfA2jIZmkj1hVQ26oa5TNeg2b9lkWM2ly7j1KJY6z.mlQmIvrZpGC','2022-05-14 18:49:07','2022-05-14 18:49:07','Accusantium in sapiente nulla.',NULL),(1331,'Jayce','Hirthe','Janessa','Kiera23','494-532-9148','Fausto.Mitchell@yahoo.com','$2a$10$NfA2jIZmkj1hVQ26oa5TNeg2b9lkWM2ly7j1KJY6z.mlQmIvrZpGC','2022-05-14 18:49:08','2022-05-14 18:49:08','Natus reiciendis dolores.',NULL),(1341,'Kaelyn','Gleason','Heaven','Darren85','629-769-7620','Tania_Quigley88@gmail.com','$2a$10$NfA2jIZmkj1hVQ26oa5TNeg2b9lkWM2ly7j1KJY6z.mlQmIvrZpGC','2022-05-15 14:40:16','2022-05-15 14:40:16','Est ad mollitia accusantium sequi placeat nihil nemo doloribus assumenda.',NULL),(1351,'Luigi','Wehner','Elyssa','Florence_Kunze1','463-633-0007','Jamaal79@yahoo.com','$2a$10$NfA2jIZmkj1hVQ26oa5TNeg2b9lkWM2ly7j1KJY6z.mlQmIvrZpGC','2022-05-15 14:40:17','2022-05-15 14:40:17','Et deleniti doloremque.',NULL),(1361,'Miles','Weissnat','Jeremy','Ibrahim_Rutherford89','765-604-6099','Angelina.Vandervort@gmail.com','$2a$10$NfA2jIZmkj1hVQ26oa5TNeg2b9lkWM2ly7j1KJY6z.mlQmIvrZpGC','2022-05-15 14:40:38','2022-05-15 14:40:38','Commodi incidunt qui.',NULL),(1371,'Jon','Cruickshank','Zoie','Stacy.Goodwin','970-804-6192','Gwen.Hagenes@yahoo.com','$2a$10$NfA2jIZmkj1hVQ26oa5TNeg2b9lkWM2ly7j1KJY6z.mlQmIvrZpGC','2022-05-15 14:40:39','2022-05-15 14:40:39','Ut perferendis numquam ut asperiores.',NULL),(1381,'Durward','Thiel','Adolph','Carlos_Sipes','659-946-4571','Richard.Thiel@yahoo.com','$2a$10$NfA2jIZmkj1hVQ26oa5TNeg2b9lkWM2ly7j1KJY6z.mlQmIvrZpGC','2022-05-15 14:40:47','2022-05-15 14:40:47','Odit placeat voluptates earum corrupti nulla aliquam.',NULL),(1391,'Yasmeen','Kozey','Tess','Jerel_Parker','506-724-3330','Coy_Breitenberg@gmail.com','$2a$10$NfA2jIZmkj1hVQ26oa5TNeg2b9lkWM2ly7j1KJY6z.mlQmIvrZpGC','2022-05-15 14:40:48','2022-05-15 14:40:48','Sed dolores fuga asperiores et.',NULL),(1401,'Sonia','Gutmann','Jordi','Christopher.Prohaska','391-452-5707','Otha1@hotmail.com','$2a$10$NfA2jIZmkj1hVQ26oa5TNeg2b9lkWM2ly7j1KJY6z.mlQmIvrZpGC','2022-05-15 14:41:12','2022-05-15 14:41:12','In facilis quia voluptatem magnam atque magni quaerat.',NULL),(1411,'Joelle','Brakus','Quinton','Gregorio17','444-430-9677','Rebecca_Wyman81@yahoo.com','$2a$10$NfA2jIZmkj1hVQ26oa5TNeg2b9lkWM2ly7j1KJY6z.mlQmIvrZpGC','2022-05-15 14:41:13','2022-05-15 14:41:13','Nihil inventore dolorem deleniti eligendi repellat aspernatur dolores magnam.',NULL),(1421,'Brandy','Marks','Billy','Ellen53','449-214-7730','Lavonne_Cummings30@gmail.com','$2a$10$NfA2jIZmkj1hVQ26oa5TNeg2b9lkWM2ly7j1KJY6z.mlQmIvrZpGC','2022-05-15 14:41:58','2022-05-15 14:41:58','Quam quis voluptatem tempora.',NULL),(1431,'Haskell','Schowalter','Cooper','Damian95','516-866-7773','Frederique4@yahoo.com','$2a$10$NfA2jIZmkj1hVQ26oa5TNeg2b9lkWM2ly7j1KJY6z.mlQmIvrZpGC','2022-05-15 14:41:59','2022-05-15 14:41:59','Ipsum velit saepe ut voluptatem accusamus sapiente impedit.',NULL),(1441,'Shawna','Rolfson','Bradly','Jaime_Kertzmann','262-761-3814','Alanna.Hodkiewicz@gmail.com','$2a$10$NfA2jIZmkj1hVQ26oa5TNeg2b9lkWM2ly7j1KJY6z.mlQmIvrZpGC','2022-05-15 15:15:29','2022-05-15 15:15:29','Unde error qui omnis.',NULL),(1451,'Oma','Rippin','Enoch','Monique_Schuppe41','324-656-6742','Remington.Schmeler@hotmail.com','$2a$10$NfA2jIZmkj1hVQ26oa5TNeg2b9lkWM2ly7j1KJY6z.mlQmIvrZpGC','2022-05-15 15:15:30','2022-05-15 15:15:30','Ipsum fugit suscipit harum.',NULL),(1461,'Gilbert','Kub','Veronica','Denis_Simonis30','239-323-8017','Stephania85@yahoo.com','$2a$10$NfA2jIZmkj1hVQ26oa5TNeg2b9lkWM2ly7j1KJY6z.mlQmIvrZpGC','2022-05-15 15:15:31','2022-05-15 15:15:31','Totam magnam suscipit beatae debitis impedit.',NULL),(1471,'Brigitte','Bailey','Cameron','Frederik_Ritchie64','887-966-9995','Reynold_Funk85@hotmail.com','$2a$10$NfA2jIZmkj1hVQ26oa5TNeg2b9lkWM2ly7j1KJY6z.mlQmIvrZpGC','2022-05-15 15:38:07','2022-05-15 15:38:07','Culpa id suscipit et voluptates inventore.',NULL),(1481,'Whitney','Wuckert','Johan','Narciso.Ullrich24','347-902-6442','Janessa50@yahoo.com','$2a$10$NfA2jIZmkj1hVQ26oa5TNeg2b9lkWM2ly7j1KJY6z.mlQmIvrZpGC','2022-05-15 15:38:09','2022-05-15 15:38:09','Eum quo quidem maxime qui.',NULL),(1491,'Valentin','Wiegand','Jacklyn','Guiseppe49','365-410-3565','Lonnie.Heathcote16@yahoo.com','$2a$10$NfA2jIZmkj1hVQ26oa5TNeg2b9lkWM2ly7j1KJY6z.mlQmIvrZpGC','2022-05-15 15:38:09','2022-05-15 15:38:09','Tempora aut consequatur saepe iste provident officiis accusamus nihil quis.',NULL),(1501,'Ladarius','Hintz','Elroy','Lina32','222-382-8140','Lavon59@hotmail.com','$2a$10$NfA2jIZmkj1hVQ26oa5TNeg2b9lkWM2ly7j1KJY6z.mlQmIvrZpGC','2022-05-15 16:00:26','2022-05-15 16:00:26','Explicabo quis non voluptates tempora mollitia totam debitis et.',NULL),(1511,'Reagan','Bins','Sierra','Maida_Flatley','373-689-0978','Tatum_Boehm@gmail.com','$2a$10$NfA2jIZmkj1hVQ26oa5TNeg2b9lkWM2ly7j1KJY6z.mlQmIvrZpGC','2022-05-15 16:00:28','2022-05-15 16:00:28','Rerum et consequatur sint voluptatem et odio illo praesentium.',NULL),(1521,'Laurine','Kshlerin','Lindsay','Preston.Russel25','320-853-0018','Orrin78@yahoo.com','$2a$10$NfA2jIZmkj1hVQ26oa5TNeg2b9lkWM2ly7j1KJY6z.mlQmIvrZpGC','2022-05-15 16:00:29','2022-05-15 16:00:29','Unde reiciendis modi recusandae quas corrupti.',NULL),(1531,'Augusta','Walker','Marjolaine','Belle50','307-321-4772','Kayli.Leannon71@yahoo.com','$2a$10$NfA2jIZmkj1hVQ26oa5TNeg2b9lkWM2ly7j1KJY6z.mlQmIvrZpGC','2022-05-15 16:01:18','2022-05-15 16:01:18','Et nobis nihil distinctio est.',NULL),(1541,'Price','Wolf','Elisabeth','Santino_Feest28','403-405-8802','Elmer16@gmail.com','$2a$10$NfA2jIZmkj1hVQ26oa5TNeg2b9lkWM2ly7j1KJY6z.mlQmIvrZpGC','2022-05-15 16:01:19','2022-05-15 16:01:19','Molestiae atque mollitia non.',NULL),(1551,'Alexander','Bailey','Lola','Percival.Ziemann1','577-568-9037','Hobart12@gmail.com','$2a$10$NfA2jIZmkj1hVQ26oa5TNeg2b9lkWM2ly7j1KJY6z.mlQmIvrZpGC','2022-05-15 16:01:20','2022-05-15 16:01:20','Iusto dolorum assumenda ipsa tenetur.',NULL),(1561,'Jewell','Braun','Clemens','Hannah_Carter','392-438-7439','Maxine_Stokes@yahoo.com','$2a$10$NfA2jIZmkj1hVQ26oa5TNeg2b9lkWM2ly7j1KJY6z.mlQmIvrZpGC','2022-05-15 16:01:21','2022-05-15 16:01:21','Laborum ratione odit et aliquam consectetur quia molestias qui.',NULL),(1571,'Una','Barrows','Shyanne','Evans_Feil','431-282-8658','Alaina.Prohaska@gmail.com','$2a$10$NfA2jIZmkj1hVQ26oa5TNeg2b9lkWM2ly7j1KJY6z.mlQmIvrZpGC','2022-05-15 16:03:13','2022-05-15 16:03:13','Sint illo qui.',NULL),(1581,'Michaela','VonRueden','Fredrick','Marshall_Herman','202-466-1334','Kennedi14@yahoo.com','$2a$10$NfA2jIZmkj1hVQ26oa5TNeg2b9lkWM2ly7j1KJY6z.mlQmIvrZpGC','2022-05-15 16:03:14','2022-05-15 16:03:14','Dolor ullam iure repudiandae odit omnis velit voluptatem.',NULL),(1591,'Lane','Beier','Flavio','Omari_King','581-414-8521','Loyce_Kovacek@yahoo.com','$2a$10$NfA2jIZmkj1hVQ26oa5TNeg2b9lkWM2ly7j1KJY6z.mlQmIvrZpGC','2022-05-15 16:03:15','2022-05-15 16:03:15','Vel harum non quisquam ut voluptatibus.',NULL),(1601,'Julia','Haley','Tate','Dedrick_Schiller','791-864-5475','Zoie78@yahoo.com','$2a$10$NfA2jIZmkj1hVQ26oa5TNeg2b9lkWM2ly7j1KJY6z.mlQmIvrZpGC','2022-05-15 16:03:16','2022-05-15 16:03:16','Qui mollitia sint excepturi.',NULL),(1611,'Martina','Jakubowski','Quinton','Yazmin64','580-839-9098','Rigoberto88@gmail.com','$2a$10$NfA2jIZmkj1hVQ26oa5TNeg2b9lkWM2ly7j1KJY6z.mlQmIvrZpGC','2022-05-15 16:10:06','2022-05-15 16:10:06','Assumenda consequatur praesentium maiores.',NULL),(1621,'Bradley','Murray','Cecil','Malika78','510-505-9838','Percival_Okuneva@yahoo.com','$2a$10$NfA2jIZmkj1hVQ26oa5TNeg2b9lkWM2ly7j1KJY6z.mlQmIvrZpGC','2022-05-15 16:10:07','2022-05-15 16:10:07','Alias qui magnam omnis eligendi adipisci.',NULL),(1631,'Charlie','Kulas','Katrine','Mose.Daniel63','751-316-2164','Marcia_Cassin75@gmail.com','$2a$10$NfA2jIZmkj1hVQ26oa5TNeg2b9lkWM2ly7j1KJY6z.mlQmIvrZpGC','2022-05-15 16:10:08','2022-05-15 16:10:08','Aliquam facere incidunt fugit odit necessitatibus.',NULL),(1641,'Lennie','Huels','Michaela','Nick34','602-543-4056','Letitia.Erdman@hotmail.com','$2a$10$NfA2jIZmkj1hVQ26oa5TNeg2b9lkWM2ly7j1KJY6z.mlQmIvrZpGC','2022-05-15 16:10:09','2022-05-15 16:10:09','Et nam rerum eos reprehenderit voluptas modi ut molestiae voluptas.',NULL),(1651,'Nedra','D\'Amore','Fritz','Kim.Dickinson','297-205-2467','Adaline_Zulauf@yahoo.com','$2a$10$NfA2jIZmkj1hVQ26oa5TNeg2b9lkWM2ly7j1KJY6z.mlQmIvrZpGC','2022-05-15 16:10:09','2022-05-15 16:10:09','Deleniti magni aut laboriosam ipsa eos.',NULL),(1661,'Reagan','Padberg','Austen','Kaitlyn46','511-977-1705','Jerome70@yahoo.com','$2a$10$NfA2jIZmkj1hVQ26oa5TNeg2b9lkWM2ly7j1KJY6z.mlQmIvrZpGC','2022-05-15 16:10:10','2022-05-15 16:10:10','Eum magnam quaerat ut eum et inventore eum.',NULL),(1671,'Noelia','Marvin','Jadyn','Isabell.Fritsch71','633-667-5038','Ansley_Kemmer40@yahoo.com','$2a$10$NfA2jIZmkj1hVQ26oa5TNeg2b9lkWM2ly7j1KJY6z.mlQmIvrZpGC','2022-05-15 16:10:55','2022-05-15 16:10:55','Beatae rerum possimus qui ad expedita in voluptas quae.',NULL),(1681,'Keeley','Bartoletti','Cristina','Kole.Luettgen18','737-622-4976','Felton_Rutherford@hotmail.com','$2a$10$NfA2jIZmkj1hVQ26oa5TNeg2b9lkWM2ly7j1KJY6z.mlQmIvrZpGC','2022-05-15 16:10:57','2022-05-15 16:10:57','Inventore quibusdam eos qui est atque.',NULL),(1691,'Winnifred','Fisher','Ashley','Brittany96','931-214-3333','Tressa.Walsh@gmail.com','$2a$10$NfA2jIZmkj1hVQ26oa5TNeg2b9lkWM2ly7j1KJY6z.mlQmIvrZpGC','2022-05-15 16:10:57','2022-05-15 16:10:57','Eos iste et nam fugit.',NULL),(1701,'Winona','McCullough','Aileen','Bernice_Keebler','759-273-6043','Burnice.Terry65@yahoo.com','$2a$10$NfA2jIZmkj1hVQ26oa5TNeg2b9lkWM2ly7j1KJY6z.mlQmIvrZpGC','2022-05-15 16:10:58','2022-05-15 16:10:58','Possimus repellendus aut quaerat voluptatibus vitae dolorem perspiciatis totam quas.',NULL),(1711,'Melisa','Miller','Hilma','Gerson.Dicki55','514-858-3116','Brannon30@yahoo.com','$2a$10$NfA2jIZmkj1hVQ26oa5TNeg2b9lkWM2ly7j1KJY6z.mlQmIvrZpGC','2022-05-15 16:10:59','2022-05-15 16:10:59','Autem deleniti et dolorem culpa voluptas aspernatur impedit est accusantium.',NULL),(1721,'Madilyn','Reichel','Jada','Curt.Auer','429-593-3209','Wilfred_Koch@hotmail.com','$2a$10$NfA2jIZmkj1hVQ26oa5TNeg2b9lkWM2ly7j1KJY6z.mlQmIvrZpGC','2022-05-15 16:11:00','2022-05-15 16:11:00','Architecto eos consequuntur illo eos temporibus cumque non sapiente.',NULL),(1731,'Reese','Schumm','Camilla','Norene_Leuschke65','765-675-6948','Malika83@yahoo.com','$2a$10$NfA2jIZmkj1hVQ26oa5TNeg2b9lkWM2ly7j1KJY6z.mlQmIvrZpGC','2022-05-15 16:12:56','2022-05-15 16:12:56','Hic molestias repellat.',NULL),(1741,'Deron','Denesik','Logan','Arjun.Maggio','448-997-3490','Georgette33@gmail.com','$2a$10$NfA2jIZmkj1hVQ26oa5TNeg2b9lkWM2ly7j1KJY6z.mlQmIvrZpGC','2022-05-15 16:12:58','2022-05-15 16:12:58','Doloribus praesentium dolorum voluptas esse consequatur assumenda quia consectetur occaecati.',NULL),(1751,'Rachael','Hahn','Aubree','Sandrine.Ziemann','616-297-7523','Jayce_Flatley@gmail.com','$2a$10$NfA2jIZmkj1hVQ26oa5TNeg2b9lkWM2ly7j1KJY6z.mlQmIvrZpGC','2022-05-15 16:12:59','2022-05-15 16:12:59','Inventore vitae rerum error optio adipisci tempora deleniti.',NULL),(1761,'Melissa','Schmitt','Giovani','Fred.Huel','246-471-4962','Riley_Ferry@yahoo.com','$2a$10$NfA2jIZmkj1hVQ26oa5TNeg2b9lkWM2ly7j1KJY6z.mlQmIvrZpGC','2022-05-15 16:13:00','2022-05-15 16:13:00','Alias ratione quod dolores facilis rerum.',NULL),(1771,'Maxime','Doyle','Donald','Luis.Collier27','879-925-0112','Jerod.Spinka55@hotmail.com','$2a$10$NfA2jIZmkj1hVQ26oa5TNeg2b9lkWM2ly7j1KJY6z.mlQmIvrZpGC','2022-05-15 16:13:00','2022-05-15 16:13:00','Possimus ut molestias itaque.',NULL),(1781,'Foster','Wisozk','Bonita','Zelda49','982-698-1558','Antonette_Kutch@yahoo.com','$2a$10$NfA2jIZmkj1hVQ26oa5TNeg2b9lkWM2ly7j1KJY6z.mlQmIvrZpGC','2022-05-15 16:13:01','2022-05-15 16:13:01','Eum earum nihil odio sit minus.',NULL),(1791,'Malvina','Hodkiewicz','Elbert','Leonora53','851-899-3711','Mckenna.Shields56@yahoo.com','$2a$10$NfA2jIZmkj1hVQ26oa5TNeg2b9lkWM2ly7j1KJY6z.mlQmIvrZpGC','2022-05-15 16:31:15','2022-05-15 16:31:15','Delectus libero vel sit voluptatem consequuntur corporis consequatur.',NULL),(1801,'Kenyatta','McDermott','Jacklyn','Ernestina.Zieme65','518-812-7930','Everardo_Kling@hotmail.com','$2a$10$NfA2jIZmkj1hVQ26oa5TNeg2b9lkWM2ly7j1KJY6z.mlQmIvrZpGC','2022-05-15 16:31:16','2022-05-15 16:31:16','Deserunt quis mollitia id odio iusto.',NULL),(1811,'Ayana','Kshlerin','Kevon','Rosendo58','761-912-8990','Waylon.Greenholt@gmail.com','$2a$10$NfA2jIZmkj1hVQ26oa5TNeg2b9lkWM2ly7j1KJY6z.mlQmIvrZpGC','2022-05-15 16:31:17','2022-05-15 16:31:17','Quas quo est quia.',NULL),(1821,'Graham','Walsh','Priscilla','Wayne90','661-824-3970','Therese60@yahoo.com','$2a$10$NfA2jIZmkj1hVQ26oa5TNeg2b9lkWM2ly7j1KJY6z.mlQmIvrZpGC','2022-05-15 16:31:18','2022-05-15 16:31:18','Non veritatis provident voluptas consectetur aut veritatis rerum.',NULL),(1831,'Emery','Wehner','Liza','Geovanny48','203-790-8909','Earl70@yahoo.com','$2a$10$NfA2jIZmkj1hVQ26oa5TNeg2b9lkWM2ly7j1KJY6z.mlQmIvrZpGC','2022-05-15 16:31:19','2022-05-15 16:31:19','Id ex nesciunt numquam repudiandae qui voluptatibus mollitia optio laboriosam.',NULL),(1841,'Kitty','Bins','Kaleb','Akeem_Gleichner29','542-932-0388','Jeanie.Lynch66@gmail.com','$2a$10$NfA2jIZmkj1hVQ26oa5TNeg2b9lkWM2ly7j1KJY6z.mlQmIvrZpGC','2022-05-15 16:31:19','2022-05-15 16:31:19','Omnis perferendis earum sint.',NULL),(1851,'Emmet','Hayes','Shana','Adrian48','201-775-9808','Kenyon_Bode@yahoo.com','$2a$10$NfA2jIZmkj1hVQ26oa5TNeg2b9lkWM2ly7j1KJY6z.mlQmIvrZpGC','2022-05-15 16:34:35','2022-05-15 16:34:35','Quod distinctio omnis ipsum molestiae rerum laudantium recusandae.',NULL),(1861,'Don','Rice','Victoria','Jadyn32','428-845-6443','Guy.OHara@yahoo.com','$2a$10$NfA2jIZmkj1hVQ26oa5TNeg2b9lkWM2ly7j1KJY6z.mlQmIvrZpGC','2022-05-15 16:34:38','2022-05-15 16:34:38','Incidunt consectetur voluptatem et sed vel.',NULL),(1871,'Kaitlyn','Reichel','Gregorio','Lowell.Grant75','626-525-5784','Randi60@gmail.com','$2a$10$NfA2jIZmkj1hVQ26oa5TNeg2b9lkWM2ly7j1KJY6z.mlQmIvrZpGC','2022-05-15 16:34:39','2022-05-15 16:34:39','Et ea soluta nihil fugiat ut error voluptate nihil maiores.',NULL),(1881,'Einar','Cronin','Pamela','Pauline_Green33','780-783-4037','Chelsea_Champlin16@yahoo.com','$2a$10$NfA2jIZmkj1hVQ26oa5TNeg2b9lkWM2ly7j1KJY6z.mlQmIvrZpGC','2022-05-15 16:34:39','2022-05-15 16:34:39','Et eligendi ab exercitationem molestias magnam dolore vero atque.',NULL),(1891,'Gregoria','Gutmann','Alberta','Salma.Koepp87','431-550-3979','Rex.Daniel91@hotmail.com','$2a$10$NfA2jIZmkj1hVQ26oa5TNeg2b9lkWM2ly7j1KJY6z.mlQmIvrZpGC','2022-05-15 16:34:41','2022-05-15 16:34:41','Et quo adipisci et inventore reiciendis et est.',NULL),(1901,'Aida','Reichert','Shakira','Anita.Goldner','730-929-4527','Rudolph60@yahoo.com','$2a$10$NfA2jIZmkj1hVQ26oa5TNeg2b9lkWM2ly7j1KJY6z.mlQmIvrZpGC','2022-05-15 16:34:42','2022-05-15 16:34:42','Quisquam voluptatem rerum expedita.',NULL),(1911,'Rosario','Homenick','Etha','Lew24','718-767-6146','Lexie.Balistreri@hotmail.com','$2a$10$NfA2jIZmkj1hVQ26oa5TNeg2b9lkWM2ly7j1KJY6z.mlQmIvrZpGC','2022-05-15 17:01:13','2022-05-15 17:01:13','Ad est sit eum animi ratione deserunt qui deleniti quo.',NULL),(1921,'Karlee','Hegmann','Freeda','Macey.Huels','844-671-5951','Rosario.Braun62@yahoo.com','$2a$10$NfA2jIZmkj1hVQ26oa5TNeg2b9lkWM2ly7j1KJY6z.mlQmIvrZpGC','2022-05-15 17:01:15','2022-05-15 17:01:15','Qui odit quia enim culpa consequuntur nihil quidem qui quod.',NULL),(1931,'Madonna','Rodriguez','Zoila','Allie.Oberbrunner','929-202-7832','Margie98@yahoo.com','$2a$10$NfA2jIZmkj1hVQ26oa5TNeg2b9lkWM2ly7j1KJY6z.mlQmIvrZpGC','2022-05-15 17:01:16','2022-05-15 17:01:16','Rerum quam eaque molestiae.',NULL),(1941,'Elda','Fahey','Alexane','Santos74','661-214-0205','Stefan19@gmail.com','$2a$10$NfA2jIZmkj1hVQ26oa5TNeg2b9lkWM2ly7j1KJY6z.mlQmIvrZpGC','2022-05-15 17:01:17','2022-05-15 17:01:17','Occaecati nihil commodi qui corporis odit architecto.',NULL),(1951,'Cornell','Kerluke','Maureen','Jazlyn28','492-318-3130','Clair54@hotmail.com','$2a$10$NfA2jIZmkj1hVQ26oa5TNeg2b9lkWM2ly7j1KJY6z.mlQmIvrZpGC','2022-05-15 17:01:19','2022-05-15 17:01:19','Quia quaerat saepe doloribus rerum.',NULL),(1961,'Eloisa','Wyman','Jayda','Wilmer62','714-226-7145','Isaiah26@hotmail.com','$2a$10$NfA2jIZmkj1hVQ26oa5TNeg2b9lkWM2ly7j1KJY6z.mlQmIvrZpGC','2022-05-15 17:01:20','2022-05-15 17:01:20','Illum vitae quos quas quis.',NULL),(1971,'Dariana','Jakubowski','Weston','Ludie.Shanahan37','819-789-5160','Bartholome_Fahey@hotmail.com','$2a$10$NfA2jIZmkj1hVQ26oa5TNeg2b9lkWM2ly7j1KJY6z.mlQmIvrZpGC','2022-05-15 17:01:21','2022-05-15 17:01:21','Natus laborum qui ut fugit.',NULL),(1981,'Antone','Wuckert','Kamryn','Sammy_Koelpin','835-986-8671','Bethel31@gmail.com','$2a$10$NfA2jIZmkj1hVQ26oa5TNeg2b9lkWM2ly7j1KJY6z.mlQmIvrZpGC','2022-05-15 17:01:21','2022-05-15 17:01:21','Ea ipsum quos ea voluptas soluta occaecati dolorem eos aut.',NULL),(1991,'Jody','Hauck','Milo','Virgil46','372-319-8653','Milford_Koelpin98@hotmail.com','$2a$10$NfA2jIZmkj1hVQ26oa5TNeg2b9lkWM2ly7j1KJY6z.mlQmIvrZpGC','2022-05-15 17:10:17','2022-05-15 17:10:17','Quae sit ullam harum fuga debitis minus sed eaque.',NULL),(2001,'Laurine','Kshlerin','Ralph','Jalyn_Johns41','769-535-5669','Macy25@yahoo.com','$2a$10$NfA2jIZmkj1hVQ26oa5TNeg2b9lkWM2ly7j1KJY6z.mlQmIvrZpGC','2022-05-15 17:10:18','2022-05-15 17:10:18','Dolore quos est rerum sit enim est.',NULL),(2011,'Audie','Stiedemann','Geoffrey','Reese_Schroeder37','812-283-1364','Verona.Bergstrom@gmail.com','$2a$10$NfA2jIZmkj1hVQ26oa5TNeg2b9lkWM2ly7j1KJY6z.mlQmIvrZpGC','2022-05-15 17:10:19','2022-05-15 17:10:19','Minus voluptates qui enim et soluta.',NULL),(2021,'Reginald','Kautzer','Lorena','Forrest_Maggio79','696-596-4472','Colleen.Heidenreich@hotmail.com','$2a$10$NfA2jIZmkj1hVQ26oa5TNeg2b9lkWM2ly7j1KJY6z.mlQmIvrZpGC','2022-05-15 17:10:20','2022-05-15 17:10:20','Non laudantium id eum similique temporibus nobis.',NULL),(2031,'Palma','Bailey','Maegan','Carolyne.Wilderman','646-633-7849','Franz_Schroeder89@yahoo.com','$2a$10$NfA2jIZmkj1hVQ26oa5TNeg2b9lkWM2ly7j1KJY6z.mlQmIvrZpGC','2022-05-15 17:10:21','2022-05-15 17:10:21','Vel expedita culpa.',NULL),(2041,'Ralph','Walsh','Emerald','Mia59','992-406-5841','Dulce.Kemmer@hotmail.com','$2a$10$NfA2jIZmkj1hVQ26oa5TNeg2b9lkWM2ly7j1KJY6z.mlQmIvrZpGC','2022-05-15 17:10:22','2022-05-15 17:10:22','Ut voluptatem vel est qui in nihil autem.',NULL),(2051,'Kirstin','Kirlin','Sister','Torrance_Larson','754-732-3891','Christa.Senger@gmail.com','$2a$10$NfA2jIZmkj1hVQ26oa5TNeg2b9lkWM2ly7j1KJY6z.mlQmIvrZpGC','2022-05-15 17:10:23','2022-05-15 17:10:23','Dolorem dolorum repellat vitae enim.',NULL),(2061,'Omari','Raynor','Ashly','Helga_Maggio59','288-889-4270','Shanelle95@hotmail.com','$2a$10$NfA2jIZmkj1hVQ26oa5TNeg2b9lkWM2ly7j1KJY6z.mlQmIvrZpGC','2022-05-15 17:10:24','2022-05-15 17:10:24','Ipsa eum sit nihil et et enim rem.',NULL),(2071,'Evan','Schowalter','Lexie','Waldo68','519-598-0143','Verona28@yahoo.com','$2a$10$NfA2jIZmkj1hVQ26oa5TNeg2b9lkWM2ly7j1KJY6z.mlQmIvrZpGC','2022-05-15 17:11:45','2022-05-15 17:11:45','Voluptatem iusto provident.',NULL),(2081,'Ellen','Olson','Araceli','Rocky7','265-622-5568','Pearlie_Pollich@hotmail.com','$2a$10$NfA2jIZmkj1hVQ26oa5TNeg2b9lkWM2ly7j1KJY6z.mlQmIvrZpGC','2022-05-15 17:11:47','2022-05-15 17:11:47','A excepturi vero sed iure quis.',NULL),(2091,'Jasmin','Ondricka','Hallie','Charlene19','528-459-0534','Prince.Beer@yahoo.com','$2a$10$NfA2jIZmkj1hVQ26oa5TNeg2b9lkWM2ly7j1KJY6z.mlQmIvrZpGC','2022-05-15 17:11:50','2022-05-15 17:11:50','Consequatur pariatur est unde et aut.',NULL),(2101,'Rosella','Price','Hester','Kristy6','280-332-8883','Jordane42@yahoo.com','$2a$10$NfA2jIZmkj1hVQ26oa5TNeg2b9lkWM2ly7j1KJY6z.mlQmIvrZpGC','2022-05-15 17:11:51','2022-05-15 17:11:51','Vitae et cumque eligendi qui.',NULL),(2111,'Cristobal','Abshire','Madeline','Leslie49','671-809-2072','Mathias_Daugherty@hotmail.com','$2a$10$NfA2jIZmkj1hVQ26oa5TNeg2b9lkWM2ly7j1KJY6z.mlQmIvrZpGC','2022-05-15 17:11:52','2022-05-15 17:11:52','Accusamus delectus et ducimus rerum eius harum sapiente qui dolorem.',NULL),(2121,'Reba','Gibson','Cassie','Hans_Bins','716-943-7052','Rebecca25@hotmail.com','$2a$10$NfA2jIZmkj1hVQ26oa5TNeg2b9lkWM2ly7j1KJY6z.mlQmIvrZpGC','2022-05-15 17:11:53','2022-05-15 17:11:53','Temporibus modi rerum.',NULL),(2131,'Maeve','Mueller','Micaela','Sydney.Barton99','390-247-6181','Kristoffer60@hotmail.com','$2a$10$NfA2jIZmkj1hVQ26oa5TNeg2b9lkWM2ly7j1KJY6z.mlQmIvrZpGC','2022-05-15 17:11:54','2022-05-15 17:11:54','Repudiandae quis omnis illo enim.',NULL),(2141,'Joelle','Parker','German','Hosea_Schiller','974-928-6981','Matilda.Brekke0@yahoo.com','$2a$10$NfA2jIZmkj1hVQ26oa5TNeg2b9lkWM2ly7j1KJY6z.mlQmIvrZpGC','2022-05-15 17:11:55','2022-05-15 17:11:55','Unde iure molestiae id deleniti nihil enim qui.',NULL),(2151,'Kim','Larkin','Madalyn','Colton_Nienow45','260-486-2928','Lavina.Fay@yahoo.com','$2a$10$NfA2jIZmkj1hVQ26oa5TNeg2b9lkWM2ly7j1KJY6z.mlQmIvrZpGC','2022-05-15 17:11:56','2022-05-15 17:11:56','Nisi expedita expedita voluptates.',NULL),(2161,'Jermain','Aufderhar','Donna','Hillary_Christiansen79','738-393-1070','Jarred_Klocko@gmail.com','$2a$10$NfA2jIZmkj1hVQ26oa5TNeg2b9lkWM2ly7j1KJY6z.mlQmIvrZpGC','2022-05-15 17:11:57','2022-05-15 17:11:57','Temporibus praesentium quo.',NULL),(2171,'Arjun','Effertz','Darron','Mckayla_Bruen81','913-393-4394','Antoinette_Ortiz@hotmail.com','$2a$10$NfA2jIZmkj1hVQ26oa5TNeg2b9lkWM2ly7j1KJY6z.mlQmIvrZpGC','2022-05-15 17:15:52','2022-05-15 17:15:52','Est harum quisquam eaque qui voluptatum.',NULL),(2181,'Cora','Nitzsche','Gerson','Adriel47','694-827-4263','Terrence_Bogisich83@gmail.com','$2a$10$NfA2jIZmkj1hVQ26oa5TNeg2b9lkWM2ly7j1KJY6z.mlQmIvrZpGC','2022-05-15 17:15:53','2022-05-15 17:15:53','Rerum officiis qui sunt quae sunt eos blanditiis quia.',NULL),(2191,'Joseph','Emard','Jamison','Ena_Hudson','930-484-5025','Oswald95@yahoo.com','$2a$10$NfA2jIZmkj1hVQ26oa5TNeg2b9lkWM2ly7j1KJY6z.mlQmIvrZpGC','2022-05-15 17:15:54','2022-05-15 17:15:54','Sed necessitatibus vel modi sunt ad.',NULL),(2201,'Vanessa','Kertzmann','Evert','Janice_Jerde80','340-618-6226','Maida68@yahoo.com','$2a$10$NfA2jIZmkj1hVQ26oa5TNeg2b9lkWM2ly7j1KJY6z.mlQmIvrZpGC','2022-05-15 17:15:55','2022-05-15 17:15:55','Minus aut doloribus labore et iure.',NULL),(2211,'Aiden','Carroll','Patsy','Dolores70','876-664-5116','Rebecca_Prosacco72@yahoo.com','$2a$10$NfA2jIZmkj1hVQ26oa5TNeg2b9lkWM2ly7j1KJY6z.mlQmIvrZpGC','2022-05-15 17:15:56','2022-05-15 17:15:56','Est omnis ducimus odit.',NULL),(2221,'Gerald','Maggio','Caroline','Abel.Stehr','822-412-9551','Kenneth54@gmail.com','$2a$10$NfA2jIZmkj1hVQ26oa5TNeg2b9lkWM2ly7j1KJY6z.mlQmIvrZpGC','2022-05-15 17:15:57','2022-05-15 17:15:57','Molestiae sit qui sequi aspernatur porro ipsam earum voluptas.',NULL),(2231,'Guido','Leannon','Rodrigo','Gregory.Dietrich61','631-809-6292','Haskell.Auer@hotmail.com','$2a$10$NfA2jIZmkj1hVQ26oa5TNeg2b9lkWM2ly7j1KJY6z.mlQmIvrZpGC','2022-05-15 17:15:58','2022-05-15 17:15:58','Ab at porro.',NULL),(2241,'Monserrat','Kuphal','Carmine','Rollin_Keeling31','485-589-3802','Camren.Wisoky@yahoo.com','$2a$10$NfA2jIZmkj1hVQ26oa5TNeg2b9lkWM2ly7j1KJY6z.mlQmIvrZpGC','2022-05-15 17:15:59','2022-05-15 17:15:59','Suscipit libero laudantium consequatur iste nisi.',NULL),(2251,'Bria','Little','Kenton','Matilde.Funk','608-451-4229','Kaia_Brakus14@yahoo.com','$2a$10$NfA2jIZmkj1hVQ26oa5TNeg2b9lkWM2ly7j1KJY6z.mlQmIvrZpGC','2022-05-16 12:26:15','2022-05-16 12:26:15','Fuga omnis sit officiis adipisci nesciunt.',NULL),(2261,'Madalyn','Armstrong','Alberto','Matt60','484-726-1620','Nella83@gmail.com','$2a$10$NfA2jIZmkj1hVQ26oa5TNeg2b9lkWM2ly7j1KJY6z.mlQmIvrZpGC','2022-05-16 12:26:16','2022-05-16 12:26:16','Vitae voluptas natus fugiat quia.',NULL),(2271,'Asia','Lakin','Randall','Josiane.McGlynn66','971-515-8996','Marcelino75@gmail.com','$2a$10$NfA2jIZmkj1hVQ26oa5TNeg2b9lkWM2ly7j1KJY6z.mlQmIvrZpGC','2022-05-16 12:26:17','2022-05-16 12:26:17','Fugit odit asperiores esse quae.',NULL),(2281,'Breanne','Sporer','Curt','Rebekah.Huel95','760-622-5607','Emie.Bechtelar8@gmail.com','$2a$10$NfA2jIZmkj1hVQ26oa5TNeg2b9lkWM2ly7j1KJY6z.mlQmIvrZpGC','2022-05-16 12:26:18','2022-05-16 12:26:18','Suscipit dolor eos eveniet repellat magnam.',NULL),(2291,'Virgil','King','Weldon','Chandler.Beatty','356-476-8093','Alia_Leannon@hotmail.com','$2a$10$NfA2jIZmkj1hVQ26oa5TNeg2b9lkWM2ly7j1KJY6z.mlQmIvrZpGC','2022-05-16 12:26:19','2022-05-16 12:26:19','Et debitis voluptatem praesentium qui.',NULL),(2301,'Ron','Ullrich','Laurel','Jane.Ratke81','948-909-6759','Tanner_Hackett@yahoo.com','$2a$10$NfA2jIZmkj1hVQ26oa5TNeg2b9lkWM2ly7j1KJY6z.mlQmIvrZpGC','2022-05-16 12:26:20','2022-05-16 12:26:20','Ut in molestiae modi ullam consequatur et rerum delectus.',NULL),(2311,'Anne','Nolan','Yessenia','Myrtice10','609-640-8472','Marc6@yahoo.com','$2a$10$NfA2jIZmkj1hVQ26oa5TNeg2b9lkWM2ly7j1KJY6z.mlQmIvrZpGC','2022-05-16 12:26:21','2022-05-16 12:26:21','Velit sit nostrum.',NULL),(2321,'Jaime','Rutherford','Jettie','Maybelle_DuBuque84','507-734-3804','Alexzander92@yahoo.com','$2a$10$NfA2jIZmkj1hVQ26oa5TNeg2b9lkWM2ly7j1KJY6z.mlQmIvrZpGC','2022-05-16 12:26:22','2022-05-16 12:26:22','Sed illum exercitationem.',NULL),(2331,'Douglas','Feeney','Princess','Meda_Schneider99','923-818-3985','Anika24@hotmail.com','$2a$10$NfA2jIZmkj1hVQ26oa5TNeg2b9lkWM2ly7j1KJY6z.mlQmIvrZpGC','2022-05-16 12:27:48','2022-05-16 12:27:48','Dolorem accusantium qui iusto eius cupiditate sit.',NULL),(2341,'Davonte','Cormier','Madilyn','Ansel98','543-714-1362','Ocie_Douglas@gmail.com','$2a$10$NfA2jIZmkj1hVQ26oa5TNeg2b9lkWM2ly7j1KJY6z.mlQmIvrZpGC','2022-05-16 12:27:49','2022-05-16 12:27:49','Fugit reiciendis maxime dolor vel inventore officiis ut.',NULL),(2351,'Micah','Pfannerstill','Martine','Alessia.Beier','859-548-3629','Gail.Ondricka@hotmail.com','$2a$10$NfA2jIZmkj1hVQ26oa5TNeg2b9lkWM2ly7j1KJY6z.mlQmIvrZpGC','2022-05-16 12:27:50','2022-05-16 12:27:50','Quidem quia neque ut sequi fuga voluptatibus ullam et sed.',NULL),(2361,'Jerrell','Wunsch','Wendell','Davonte.Jacobs85','305-746-2165','Alec95@yahoo.com','$2a$10$NfA2jIZmkj1hVQ26oa5TNeg2b9lkWM2ly7j1KJY6z.mlQmIvrZpGC','2022-05-16 12:27:51','2022-05-16 12:27:51','Necessitatibus aperiam nam.',NULL),(2371,'Richard','Mills','Brooklyn','Geoffrey.Cassin','694-901-5574','Jevon47@yahoo.com','$2a$10$NfA2jIZmkj1hVQ26oa5TNeg2b9lkWM2ly7j1KJY6z.mlQmIvrZpGC','2022-05-16 12:27:53','2022-05-16 12:27:53','Consequatur soluta harum explicabo dolores provident.',NULL),(2381,'Gracie','Hoppe','Kendall','Quentin39','299-816-4441','Allan_West@gmail.com','$2a$10$NfA2jIZmkj1hVQ26oa5TNeg2b9lkWM2ly7j1KJY6z.mlQmIvrZpGC','2022-05-16 12:27:54','2022-05-16 12:27:54','Blanditiis sunt quia nesciunt.',NULL),(2391,'Elnora','Daugherty','Emmalee','Green.Satterfield22','287-643-4120','Destiny_Hand@gmail.com','$2a$10$NfA2jIZmkj1hVQ26oa5TNeg2b9lkWM2ly7j1KJY6z.mlQmIvrZpGC','2022-05-16 12:27:54','2022-05-16 12:27:54','Tenetur optio quo ducimus.',NULL),(2401,'Alta','Runolfsson','Kaycee','Pattie41','958-916-8583','Mariane94@yahoo.com','$2a$10$NfA2jIZmkj1hVQ26oa5TNeg2b9lkWM2ly7j1KJY6z.mlQmIvrZpGC','2022-05-16 12:27:55','2022-05-16 12:27:55','Quia assumenda assumenda quas minima asperiores minima provident dolor.',NULL),(2411,'Philip','Klein','Wyman','Lelia_Krajcik','501-259-6098','Gregoria.Leffler18@hotmail.com','$2a$10$NfA2jIZmkj1hVQ26oa5TNeg2b9lkWM2ly7j1KJY6z.mlQmIvrZpGC','2022-05-16 12:53:07','2022-05-16 12:53:07','Eligendi et et commodi omnis velit.',NULL),(2421,'Garret','Goldner','Destiny','Etha_Hahn34','246-739-3655','Deshaun25@gmail.com','$2a$10$NfA2jIZmkj1hVQ26oa5TNeg2b9lkWM2ly7j1KJY6z.mlQmIvrZpGC','2022-05-16 12:53:08','2022-05-16 12:53:08','Molestiae sunt itaque hic nihil quam voluptas.',NULL),(2431,'Trycia','Runolfsdottir','Lucienne','Marc31','253-305-6915','Anastasia_Bartell71@gmail.com','$2a$10$NfA2jIZmkj1hVQ26oa5TNeg2b9lkWM2ly7j1KJY6z.mlQmIvrZpGC','2022-05-16 12:53:09','2022-05-16 12:53:09','Vel eos perferendis.',NULL),(2441,'Elyssa','Rippin','Harmony','Samir_Lesch','828-788-4520','Ella.Windler@yahoo.com','$2a$10$NfA2jIZmkj1hVQ26oa5TNeg2b9lkWM2ly7j1KJY6z.mlQmIvrZpGC','2022-05-16 12:53:10','2022-05-16 12:53:10','Quisquam maiores vel architecto incidunt hic commodi non.',NULL),(2451,'Palma','Pagac','Juvenal','Kaela.Feil','589-532-0843','Alvis.Hartmann3@yahoo.com','$2a$10$NfA2jIZmkj1hVQ26oa5TNeg2b9lkWM2ly7j1KJY6z.mlQmIvrZpGC','2022-05-16 12:53:10','2022-05-16 12:53:10','A ducimus animi assumenda voluptatem eum molestias incidunt.',NULL),(2461,'Ayla','Carroll','Norma','Delilah.Mills1','435-583-1998','Ian.Barrows@gmail.com','$2a$10$NfA2jIZmkj1hVQ26oa5TNeg2b9lkWM2ly7j1KJY6z.mlQmIvrZpGC','2022-05-16 12:53:12','2022-05-16 12:53:12','Officiis nemo natus laudantium aut laboriosam id.',NULL),(2471,'Oleta','Reilly','Alanna','King_Wehner','292-309-0075','Berneice_Parker@gmail.com','$2a$10$NfA2jIZmkj1hVQ26oa5TNeg2b9lkWM2ly7j1KJY6z.mlQmIvrZpGC','2022-05-16 12:53:13','2022-05-16 12:53:13','Quos alias quia.',NULL),(2481,'Alexie','Effertz','Garth','Carleton.Graham4','898-847-2802','Myrtis_Connelly87@gmail.com','$2a$10$NfA2jIZmkj1hVQ26oa5TNeg2b9lkWM2ly7j1KJY6z.mlQmIvrZpGC','2022-05-16 12:53:14','2022-05-16 12:53:14','Dolore enim quisquam beatae quam et nihil officia placeat quisquam.',NULL),(2491,'Maida','Kunde','Leopoldo','Winston60','957-637-9521','Emmanuel98@hotmail.com','$2a$10$NfA2jIZmkj1hVQ26oa5TNeg2b9lkWM2ly7j1KJY6z.mlQmIvrZpGC','2022-05-16 12:59:40','2022-05-16 12:59:40','Eveniet eius nihil aspernatur aut quae voluptatem.',NULL),(2501,'Roma','Bartoletti','Maryse','Rosalyn_Heller48','688-892-4702','Thelma_Weber@hotmail.com','$2a$10$NfA2jIZmkj1hVQ26oa5TNeg2b9lkWM2ly7j1KJY6z.mlQmIvrZpGC','2022-05-16 12:59:41','2022-05-16 12:59:41','Hic voluptates consequatur consequatur non omnis voluptatibus quia reiciendis similique.',NULL),(2511,'Elmore','Wuckert','Humberto','Israel85','719-559-9679','Cordell.Abbott@yahoo.com','$2a$10$NfA2jIZmkj1hVQ26oa5TNeg2b9lkWM2ly7j1KJY6z.mlQmIvrZpGC','2022-05-16 12:59:42','2022-05-16 12:59:42','Ut quia veniam.',NULL),(2521,'Jordan','Homenick','Ethyl','Franco29','776-521-2047','Genoveva76@hotmail.com','$2a$10$NfA2jIZmkj1hVQ26oa5TNeg2b9lkWM2ly7j1KJY6z.mlQmIvrZpGC','2022-05-16 12:59:43','2022-05-16 12:59:43','Voluptates et ut accusantium sint aut ea ex soluta consectetur.',NULL),(2531,'Soledad','Balistreri','Beth','Lisa.Smitham65','251-398-2877','Irwin76@hotmail.com','$2a$10$NfA2jIZmkj1hVQ26oa5TNeg2b9lkWM2ly7j1KJY6z.mlQmIvrZpGC','2022-05-16 12:59:44','2022-05-16 12:59:44','Dolor consequatur minus odit eveniet molestias optio dolore sint.',NULL),(2541,'Melba','Wiza','Breanne','Syble_Gottlieb54','250-424-8604','Jamar.Kuhic@gmail.com','$2a$10$NfA2jIZmkj1hVQ26oa5TNeg2b9lkWM2ly7j1KJY6z.mlQmIvrZpGC','2022-05-16 12:59:45','2022-05-16 12:59:45','Fuga quam ut aut voluptatem illum cumque saepe fuga asperiores.',NULL),(2551,'Delta','Champlin','Madisen','Vickie_Weissnat83','415-544-0173','Kane96@gmail.com','$2a$10$NfA2jIZmkj1hVQ26oa5TNeg2b9lkWM2ly7j1KJY6z.mlQmIvrZpGC','2022-05-16 12:59:46','2022-05-16 12:59:46','Qui odio iste eligendi vel.',NULL),(2561,'Yasmine','Steuber','Urban','Patricia14','766-472-6044','Clair.Yundt72@yahoo.com','$2a$10$NfA2jIZmkj1hVQ26oa5TNeg2b9lkWM2ly7j1KJY6z.mlQmIvrZpGC','2022-05-16 12:59:47','2022-05-16 12:59:47','Sint consectetur incidunt vero ab temporibus aut id veniam at.',NULL),(2571,'Alberto','Corkery','Krystina','Reina.Kuvalis54','501-509-5203','Wilfrid.OConner14@gmail.com','$2a$10$NfA2jIZmkj1hVQ26oa5TNeg2b9lkWM2ly7j1KJY6z.mlQmIvrZpGC','2022-05-16 13:00:58','2022-05-16 13:00:58','Nam dolores autem quis.',NULL),(2581,'Kelly','Langworth','Sheridan','Kade_Klein62','503-736-7268','Rosalee.Weber@yahoo.com','$2a$10$NfA2jIZmkj1hVQ26oa5TNeg2b9lkWM2ly7j1KJY6z.mlQmIvrZpGC','2022-05-16 13:01:00','2022-05-16 13:01:00','In magni tempora quia aspernatur.',NULL),(2591,'Sonny','Bailey','Bill','Edgar_OReilly84','678-594-2762','Cathryn.Grimes86@hotmail.com','$2a$10$NfA2jIZmkj1hVQ26oa5TNeg2b9lkWM2ly7j1KJY6z.mlQmIvrZpGC','2022-05-16 13:01:01','2022-05-16 13:01:01','Deleniti quasi itaque ullam magni aut voluptates debitis eos.',NULL),(2601,'Neoma','Senger','Olin','Johnnie33','548-998-8337','Destin.Goyette34@gmail.com','$2a$10$NfA2jIZmkj1hVQ26oa5TNeg2b9lkWM2ly7j1KJY6z.mlQmIvrZpGC','2022-05-16 13:01:04','2022-05-16 13:01:04','Repudiandae corrupti rem est quaerat enim impedit perspiciatis vel.',NULL),(2611,'Dean','Cremin','Polly','Joelle.Hoeger56','411-310-3524','Terrance.Schowalter90@hotmail.com','$2a$10$NfA2jIZmkj1hVQ26oa5TNeg2b9lkWM2ly7j1KJY6z.mlQmIvrZpGC','2022-05-16 13:01:06','2022-05-16 13:01:06','Omnis laudantium assumenda neque sequi alias esse in.',NULL),(2621,'Velma','Reichel','Miles','Casimer.Goodwin','903-772-5292','Sibyl.Bahringer18@gmail.com','$2a$10$NfA2jIZmkj1hVQ26oa5TNeg2b9lkWM2ly7j1KJY6z.mlQmIvrZpGC','2022-05-16 13:01:07','2022-05-16 13:01:07','Molestias repudiandae est et dolorum quia rerum eum.',NULL),(2631,'Carley','Greenfelder','Nelda','Maxine5','519-375-1998','Khalil.Sanford@gmail.com','$2a$10$NfA2jIZmkj1hVQ26oa5TNeg2b9lkWM2ly7j1KJY6z.mlQmIvrZpGC','2022-05-16 13:01:08','2022-05-16 13:01:08','Facilis sit sit voluptatem error amet.',NULL),(2641,'Laura','VonRueden','Lilian','Sheila16','905-493-1387','Aliyah_Langworth@gmail.com','$2a$10$NfA2jIZmkj1hVQ26oa5TNeg2b9lkWM2ly7j1KJY6z.mlQmIvrZpGC','2022-05-16 13:01:10','2022-05-16 13:01:10','Accusantium ut veniam ut.',NULL),(2651,'Karlee','Konopelski','Elton','Amina85','823-984-5057','Rogers0@hotmail.com','$2a$10$NfA2jIZmkj1hVQ26oa5TNeg2b9lkWM2ly7j1KJY6z.mlQmIvrZpGC','2022-05-16 13:02:32','2022-05-16 13:02:32','Aliquid veritatis molestiae reiciendis.',NULL),(2661,'Raoul','Hammes','Melody','Jacky_Rice64','754-255-7916','Gavin7@gmail.com','$2a$10$NfA2jIZmkj1hVQ26oa5TNeg2b9lkWM2ly7j1KJY6z.mlQmIvrZpGC','2022-05-16 13:02:34','2022-05-16 13:02:34','Excepturi corporis animi quae est eveniet aut quia.',NULL),(2671,'Jacquelyn','Mertz','Assunta','Deonte86','782-208-6412','Loren81@gmail.com','$2a$10$NfA2jIZmkj1hVQ26oa5TNeg2b9lkWM2ly7j1KJY6z.mlQmIvrZpGC','2022-05-16 13:02:35','2022-05-16 13:02:35','Consequuntur rerum qui eos vitae aliquid illo quibusdam culpa.',NULL),(2681,'Bill','Baumbach','Osvaldo','Demetris_Grant','340-343-6155','Marcos_Keebler@hotmail.com','$2a$10$NfA2jIZmkj1hVQ26oa5TNeg2b9lkWM2ly7j1KJY6z.mlQmIvrZpGC','2022-05-16 13:02:37','2022-05-16 13:02:37','Illum fugiat ut nesciunt ad blanditiis officiis quasi vel magnam.',NULL),(2691,'Rhiannon','Hilpert','Vergie','Elian17','638-296-0970','Rosetta_Satterfield61@gmail.com','$2a$10$NfA2jIZmkj1hVQ26oa5TNeg2b9lkWM2ly7j1KJY6z.mlQmIvrZpGC','2022-05-16 13:02:38','2022-05-16 13:02:38','Alias quos ut officiis ullam ducimus.',NULL),(2701,'Hailey','Hayes','Lucious','Tatyana.Hammes85','437-833-3067','Carmella.Thiel59@yahoo.com','$2a$10$NfA2jIZmkj1hVQ26oa5TNeg2b9lkWM2ly7j1KJY6z.mlQmIvrZpGC','2022-05-16 13:02:40','2022-05-16 13:02:40','Eius vel voluptatum error possimus ipsa nemo rem ab eum.',NULL),(2711,'Marcelo','Feeney','Riley','Rahul53','659-585-9435','Connie_Botsford98@yahoo.com','$2a$10$NfA2jIZmkj1hVQ26oa5TNeg2b9lkWM2ly7j1KJY6z.mlQmIvrZpGC','2022-05-16 13:02:41','2022-05-16 13:02:41','Vel qui sit sint.',NULL),(2721,'Delbert','Connelly','Kaley','Cathy.Smitham','376-800-1269','Desiree.King@yahoo.com','$2a$10$NfA2jIZmkj1hVQ26oa5TNeg2b9lkWM2ly7j1KJY6z.mlQmIvrZpGC','2022-05-16 13:02:42','2022-05-16 13:02:42','Ad deserunt ad sequi ut et sit.',NULL),(2731,'Asa','Stroman','Emely','Domenica.Witting54','404-757-5416','Brayan_McLaughlin28@hotmail.com','$2a$10$NfA2jIZmkj1hVQ26oa5TNeg2b9lkWM2ly7j1KJY6z.mlQmIvrZpGC','2022-05-16 13:18:37','2022-05-16 13:18:37','Ducimus architecto est doloribus voluptatem tenetur.',NULL),(2741,'Gerard','Brekke','Myron','Brain20','233-994-3920','Clemmie13@yahoo.com','$2a$10$NfA2jIZmkj1hVQ26oa5TNeg2b9lkWM2ly7j1KJY6z.mlQmIvrZpGC','2022-05-16 13:18:37','2022-05-16 13:18:37','Maxime eum quibusdam facere nihil in.',NULL),(2751,'Tyrese','Koch','Jonas','Immanuel25','727-640-0084','Carson_Goldner24@hotmail.com','$2a$10$NfA2jIZmkj1hVQ26oa5TNeg2b9lkWM2ly7j1KJY6z.mlQmIvrZpGC','2022-05-16 13:18:38','2022-05-16 13:18:38','Tenetur voluptate cum temporibus.',NULL),(2761,'Darby','Upton','Ephraim','Eliza.Towne3','710-888-8202','Onie.Block@yahoo.com','$2a$10$NfA2jIZmkj1hVQ26oa5TNeg2b9lkWM2ly7j1KJY6z.mlQmIvrZpGC','2022-05-16 13:18:39','2022-05-16 13:18:39','Eligendi nihil ullam pariatur facere itaque dolorem.',NULL),(2771,'Derick','Wyman','Amanda','Judd_Friesen','558-750-8129','Zula66@hotmail.com','$2a$10$NfA2jIZmkj1hVQ26oa5TNeg2b9lkWM2ly7j1KJY6z.mlQmIvrZpGC','2022-05-16 13:18:40','2022-05-16 13:18:40','Ipsa facere quia totam voluptatem quia distinctio.',NULL),(2781,'Grayson','O\'Reilly','Lauriane','Litzy81','845-520-0810','Jocelyn.Wiegand46@hotmail.com','$2a$10$NfA2jIZmkj1hVQ26oa5TNeg2b9lkWM2ly7j1KJY6z.mlQmIvrZpGC','2022-05-16 13:18:40','2022-05-16 13:18:40','Consequatur aliquid accusantium amet nobis laborum cupiditate autem magnam explicabo.',NULL),(2791,'Marina','Gibson','Astrid','Patricia.Rowe','622-407-9197','Sherwood72@hotmail.com','$2a$10$NfA2jIZmkj1hVQ26oa5TNeg2b9lkWM2ly7j1KJY6z.mlQmIvrZpGC','2022-05-16 13:18:41','2022-05-16 13:18:41','Nam magnam qui nulla sunt aut et.',NULL),(2801,'Jany','Goyette','Adell','Trenton.Goodwin14','908-967-1649','Myron18@hotmail.com','$2a$10$NfA2jIZmkj1hVQ26oa5TNeg2b9lkWM2ly7j1KJY6z.mlQmIvrZpGC','2022-05-16 13:18:42','2022-05-16 13:18:42','Voluptas labore laudantium.',NULL),(2811,'Doug','Roberts','Marcellus','Ciara_Kuhn','926-580-3530','Mae52@gmail.com','$2a$10$NfA2jIZmkj1hVQ26oa5TNeg2b9lkWM2ly7j1KJY6z.mlQmIvrZpGC','2022-05-16 13:19:31','2022-05-16 13:19:31','Est et nisi nulla enim deleniti.',NULL),(2821,'Madge','Ward','Willard','Martin_Jast','858-441-0692','Leonie5@yahoo.com','$2a$10$NfA2jIZmkj1hVQ26oa5TNeg2b9lkWM2ly7j1KJY6z.mlQmIvrZpGC','2022-05-16 13:19:31','2022-05-16 13:19:31','Explicabo quaerat reiciendis nesciunt.',NULL),(2831,'Johan','Monahan','Genesis','Norwood_Pagac','949-348-2501','Vincenza66@gmail.com','$2a$10$NfA2jIZmkj1hVQ26oa5TNeg2b9lkWM2ly7j1KJY6z.mlQmIvrZpGC','2022-05-16 13:19:33','2022-05-16 13:19:33','Quisquam eum omnis optio quia.',NULL),(2841,'Zachariah','Rempel','Ellsworth','Nakia18','893-993-2960','Joanie69@hotmail.com','$2a$10$NfA2jIZmkj1hVQ26oa5TNeg2b9lkWM2ly7j1KJY6z.mlQmIvrZpGC','2022-05-16 13:20:02','2022-05-16 13:20:02','Perspiciatis illo voluptatem ut.',NULL),(2851,'Linnea','Goodwin','Herminio','Rowland29','622-511-5319','Yadira6@yahoo.com','$2a$10$NfA2jIZmkj1hVQ26oa5TNeg2b9lkWM2ly7j1KJY6z.mlQmIvrZpGC','2022-05-16 13:20:04','2022-05-16 13:20:04','Ratione et pariatur consequatur omnis a facilis omnis.',NULL),(2861,'Margaretta','Dibbert','Alisha','Vilma.Dickens','318-437-4518','Yasmin41@gmail.com','$2a$10$NfA2jIZmkj1hVQ26oa5TNeg2b9lkWM2ly7j1KJY6z.mlQmIvrZpGC','2022-05-16 13:20:05','2022-05-16 13:20:05','Qui accusantium quo officia et eum molestiae dolorem et.',NULL),(2871,'Lori','Walker','Dominic','Vella55','992-607-3652','Sydnee_Robel@yahoo.com','$2a$10$NfA2jIZmkj1hVQ26oa5TNeg2b9lkWM2ly7j1KJY6z.mlQmIvrZpGC','2022-05-16 13:20:07','2022-05-16 13:20:07','Aperiam et autem.',NULL),(2891,'Lydia','Cormier','Emerald','Alva.Gutkowski','927-915-8343','Audreanne.Gutmann@yahoo.com','$2a$10$NfA2jIZmkj1hVQ26oa5TNeg2b9lkWM2ly7j1KJY6z.mlQmIvrZpGC','2022-05-16 13:20:10','2022-05-16 13:20:10','Assumenda eius dolorum.',NULL),(2901,'Afton','Boehm','Brielle','Jalen2','505-835-8896','Geoffrey_Schaefer1@hotmail.com','$2a$10$NfA2jIZmkj1hVQ26oa5TNeg2b9lkWM2ly7j1KJY6z.mlQmIvrZpGC','2022-05-16 13:20:10','2022-05-16 13:20:10','Aut natus reiciendis et a quisquam.',NULL),(2911,'Marilyne','Crona','Dawson','Betty_Torphy62','730-339-5399','Axel.Mitchell@yahoo.com','$2a$10$NfA2jIZmkj1hVQ26oa5TNeg2b9lkWM2ly7j1KJY6z.mlQmIvrZpGC','2022-05-16 13:20:12','2022-05-16 13:20:12','Ut voluptate est rem rerum quo sed sed rem dicta.',NULL),(2921,'Eileen','Luettgen','Nettie','Barney.Reilly25','362-425-9511','Violette_Senger35@gmail.com','$2a$10$NfA2jIZmkj1hVQ26oa5TNeg2b9lkWM2ly7j1KJY6z.mlQmIvrZpGC','2022-05-16 13:21:10','2022-05-16 13:21:10','Inventore sint modi nisi dolor eum nam ipsum et doloribus.',NULL),(2931,'Lelia','Heaney','Patrick','Ethel.Turner95','677-280-0409','Germaine3@yahoo.com','$2a$10$NfA2jIZmkj1hVQ26oa5TNeg2b9lkWM2ly7j1KJY6z.mlQmIvrZpGC','2022-05-16 13:21:12','2022-05-16 13:21:12','Molestiae iusto blanditiis distinctio sunt saepe.',NULL),(2941,'Everardo','Murray','Asia','Korbin45','557-572-1931','Kaley.Ryan@hotmail.com','$2a$10$NfA2jIZmkj1hVQ26oa5TNeg2b9lkWM2ly7j1KJY6z.mlQmIvrZpGC','2022-05-16 13:21:13','2022-05-16 13:21:13','Earum et animi sequi aut illum quaerat quod aut.',NULL),(2951,'Jarod','Stokes','Eunice','Ivah.Schumm','416-564-2838','Jayson_Treutel@hotmail.com','$2a$10$NfA2jIZmkj1hVQ26oa5TNeg2b9lkWM2ly7j1KJY6z.mlQmIvrZpGC','2022-05-16 13:21:14','2022-05-16 13:21:14','Excepturi eligendi reprehenderit porro.',NULL),(2961,'Nasir','O\'Reilly','Weston','Karlie.Lang63','628-574-8340','Peyton87@yahoo.com','$2a$10$NfA2jIZmkj1hVQ26oa5TNeg2b9lkWM2ly7j1KJY6z.mlQmIvrZpGC','2022-05-16 13:21:16','2022-05-16 13:21:16','Dolor reiciendis iusto qui voluptas molestiae rerum illo.',NULL),(2971,'Urban','Herzog','Dale','Aletha.Ryan','439-956-8310','Jody_Feest52@gmail.com','$2a$10$NfA2jIZmkj1hVQ26oa5TNeg2b9lkWM2ly7j1KJY6z.mlQmIvrZpGC','2022-05-16 13:21:18','2022-05-16 13:21:18','Iure in et et.',NULL),(2981,'Vergie','Walsh','Hazle','Lennie29','746-454-9012','Destiny_Runte@yahoo.com','$2a$10$NfA2jIZmkj1hVQ26oa5TNeg2b9lkWM2ly7j1KJY6z.mlQmIvrZpGC','2022-05-16 13:21:18','2022-05-16 13:21:18','Ut voluptatem consequuntur.',NULL),(2991,'Maynard','Rogahn','Marlen','Hailie56','301-632-8473','Hattie.Howell@gmail.com','$2a$10$NfA2jIZmkj1hVQ26oa5TNeg2b9lkWM2ly7j1KJY6z.mlQmIvrZpGC','2022-05-16 13:21:20','2022-05-16 13:21:20','Provident ratione inventore non dolor voluptas aut est vel blanditiis.',NULL),(3001,'Ressie','Quitzon','Norberto','Wilton_Keebler46','797-921-0501','Serena.Kilback34@gmail.com','$2b$10$tCJtk3BLBLlP2MPlDSe20e8fE6XoJxKhI9pB3EMKQy5gOBdoQl.Y.','2022-05-16 13:22:15','2022-05-16 13:22:15','Reprehenderit ipsa excepturi nostrum alias ea blanditiis.',NULL),(3011,'Roosevelt','Lang','Norris','Carmela58','979-269-1956','Angus_Macejkovic@gmail.com','$2b$10$8so3RdA8ELMKXehKci0vk.eQ0p4hj9zwDTa8Ml99kvFDi10D/4j7q','2022-05-16 13:22:16','2022-05-16 13:22:16','Corporis consequuntur quae dolor tenetur doloribus.',NULL),(3021,'Lorna','Hermann','Ena','Esther_Kassulke','275-470-0154','Mackenzie_Bruen@hotmail.com','$2b$10$C5C4OQsLsgSIHapRKkMkH.GX77yZJ7FC.TiHOYwQzmo8HZw7KjR1W','2022-05-16 13:22:17','2022-05-16 13:22:17','Quasi et impedit molestiae voluptas voluptatem consequatur.',NULL),(3031,'Tressie','West','Lina','Abdul3','361-272-8622','Haylee.Hermann@gmail.com','$2b$10$HzjWgnv1AkBfOyOpaBXMGe1Y18RVnlK/KknOnI5V/f7q1do4HjZrW','2022-05-16 13:22:19','2022-05-16 13:22:19','Blanditiis voluptatibus fugit voluptatibus et numquam repellendus rerum soluta doloremque.',NULL),(3041,'Leonel','Pfannerstill','Jamaal','Nels.Rohan','826-561-8152','Rhea.Kohler70@gmail.com','$2b$10$3oE2o38kB4/surwQbF735.t.H7n5xd9/v0Lerzbhban8P1PARc.pi','2022-05-16 13:22:20','2022-05-16 13:22:20','Ab minus deserunt quos corrupti occaecati qui omnis dolorem.',NULL),(3051,'Lucile','Hartmann','August','Janae68','934-605-6683','Joy24@hotmail.com','$2b$10$QQ8AYXPvEaVCj5a68TcKJOCWTFTTnTxFr4tdXpzNpeA7CAIJtv5rW','2022-05-16 13:22:21','2022-05-16 13:22:21','Nihil rem voluptates natus dolores corporis voluptatem.',NULL),(3061,'Wyatt','O\'Kon','Billy','Barrett71','808-735-3636','Victoria42@gmail.com','$2b$10$5TXqqJ4K8tZGRnrfVMAeEu6RciXt.1FuNv3Dh18djCofOKIa2QkkC','2022-05-16 13:22:22','2022-05-16 13:22:22','Aut debitis dolore odit sint tempora ipsum qui.',NULL),(3071,'Fatima','Upton','Herman','Enrique82','861-807-9805','Alia.Schroeder@yahoo.com','$2b$10$cu1kU6oAPjytG/ou/CRG3uapWuPkRni7txZNBkC9VMBgIowiHD1ze','2022-05-16 13:22:23','2022-05-16 13:22:23','Quaerat distinctio quas et harum nesciunt dolore est.',NULL),(3073,'test','user','asdf','testuser','+36307654321','testuser@testuser.com','$2b$10$LAegf63Mulm0INDypreUTuBQwGNlua4lwv/kWMZebJ5teP5zTkvfi','2022-12-20 17:10:24','2022-12-26 22:50:33','Hi I\'m a test user with password \'testuser\'.',NULL),(3074,'test2','user','','testuser2','+36308765432','testuser2@testuser2.com','$2b$10$2qCIMqDugPNNKdoDBwe4jOJtU1WMIrHcxuJFZNS7wE7s0eRQsHxpi','2022-12-26 22:48:12','2023-03-27 08:18:40','Testuser with password testuser2',86),(3075,'test3','user3','','testuser3','+36308681618','testuser3@testuser3.com','$2b$10$Ku9ThE8Jx5f2NdLz2nTbU.LAOwtga/8t7AsMD0teYD5OTEmcJihHW','2023-02-08 09:54:07','2023-02-08 09:54:07','Password: testuser3',NULL);
/*!40000 ALTER TABLE `users` ENABLE KEYS */;
UNLOCK TABLES;

--
-- Table structure for table `votes`
--

DROP TABLE IF EXISTS `votes`;
/*!40101 SET @saved_cs_client     = @@character_set_client */;
/*!50503 SET character_set_client = utf8mb4 */;
CREATE TABLE `votes` (
  `message_id` int NOT NULL,
  `user_id` int NOT NULL,
  `created_at` datetime NOT NULL DEFAULT CURRENT_TIMESTAMP,
  `updated_at` datetime NOT NULL DEFAULT CURRENT_TIMESTAMP,
  `type` enum('up','down') DEFAULT NULL,
  PRIMARY KEY (`message_id`,`user_id`),
  KEY `idx_votes` (`message_id`),
  KEY `idx_votes_0` (`user_id`),
  CONSTRAINT `fk_votes_messages` FOREIGN KEY (`message_id`) REFERENCES `messages` (`message_id`),
  CONSTRAINT `fk_votes_users` FOREIGN KEY (`user_id`) REFERENCES `users` (`user_id`)
) ENGINE=InnoDB DEFAULT CHARSET=utf8mb3;
/*!40101 SET character_set_client = @saved_cs_client */;

--
-- Dumping data for table `votes`
--

LOCK TABLES `votes` WRITE;
/*!40000 ALTER TABLE `votes` DISABLE KEYS */;
INSERT INTO `votes` VALUES (1,42,'2022-04-27 13:40:53','2022-04-27 13:40:53','up'),(1,45,'2022-05-04 15:51:22','2023-03-17 10:48:16','up'),(1,81,'2022-05-08 18:33:18','2022-08-29 05:48:30','up'),(1,3073,'2023-03-07 09:26:33','2023-03-07 09:26:41',NULL),(1,3074,'2023-01-26 14:02:10','2023-03-23 14:08:13','up'),(11,81,'2022-06-29 08:36:46','2022-09-06 07:35:42',NULL),(11,3074,'2023-02-23 21:23:31','2023-02-25 20:35:01','up'),(31,81,'2022-08-31 11:34:49','2022-09-05 10:07:46',NULL),(31,3074,'2023-02-25 19:28:53','2023-02-25 19:28:54',NULL),(51,3074,'2023-02-25 20:24:08','2023-02-25 20:24:09',NULL),(101,3074,'2023-02-25 19:21:24','2023-02-25 19:21:38',NULL),(131,81,'2022-08-31 11:31:34','2022-08-31 12:51:16',NULL),(131,3074,'2023-03-11 16:52:36','2023-03-11 16:52:40',NULL),(141,45,'2023-02-13 19:38:57','2023-02-13 19:39:05',NULL),(141,81,'2022-09-05 10:08:22','2022-09-05 10:09:39',NULL),(141,3074,'2023-02-13 19:37:57','2023-02-13 19:39:01','up'),(151,81,'2022-09-05 10:14:06','2022-09-05 12:47:40','down'),(276,3074,'2023-01-26 13:56:53','2023-01-26 13:56:53','up'),(279,3074,'2023-03-22 09:05:55','2023-03-22 09:05:55','up'),(307,3074,'2023-02-13 19:52:01','2023-03-22 09:05:59',NULL),(327,3074,'2023-02-27 12:31:48','2023-02-27 12:31:51',NULL),(328,3074,'2023-03-12 13:19:15','2023-03-12 13:19:45','down'),(332,45,'2023-03-01 09:48:44','2023-03-01 09:48:46',NULL),(336,3073,'2023-03-07 09:28:41','2023-03-09 18:53:13','up'),(341,3074,'2023-03-11 16:53:03','2023-03-11 16:53:03','up'),(342,3073,'2023-03-15 16:10:52','2023-03-15 16:10:56','down');
/*!40000 ALTER TABLE `votes` ENABLE KEYS */;
UNLOCK TABLES;
/*!40103 SET TIME_ZONE=@OLD_TIME_ZONE */;

/*!40101 SET SQL_MODE=@OLD_SQL_MODE */;
/*!40014 SET FOREIGN_KEY_CHECKS=@OLD_FOREIGN_KEY_CHECKS */;
/*!40014 SET UNIQUE_CHECKS=@OLD_UNIQUE_CHECKS */;
/*!40101 SET CHARACTER_SET_CLIENT=@OLD_CHARACTER_SET_CLIENT */;
/*!40101 SET CHARACTER_SET_RESULTS=@OLD_CHARACTER_SET_RESULTS */;
/*!40101 SET COLLATION_CONNECTION=@OLD_COLLATION_CONNECTION */;
/*!40111 SET SQL_NOTES=@OLD_SQL_NOTES */;

-- Dump completed on 2023-03-28 13:18:02
